1,66,3,1.7336212
1,195,4,2.019252
1,12,3,5.075461
1,13,4,7.2879143
1,14,4,4.205971
1,142,4,0.23420358
1,462,4,0.015050702
1,15,4,0.03181241
1,858,3,2.1508741
1,859,2,1.6906039
1,29,2,1.7071198
1,30,3,0.03112688
1,31,2,0.0016507922
1,95,3,0.3202019
1,37,3,0.25349525
1,102,3,1.4940178
1,486,-1,7.4803305
1,875,2,3.4123392
1,876,3,1.7103703
1,879,3,0.7177696
1,880,3,1.9939762
1,497,3,1.1299212
1,51,3,4.8264403
1,52,4,1.5489067
1,184,2,6.82119
1,56,3,1.9706445
1,57,2,1.9606388
1,185,3,0.19654034
1,378,2,0.92103004
2,643,3,0.0017276399
2,390,3,1.662764
2,391,3,0.4760583
2,202,3,1.4709096
2,12,1,8.783476
2,14,4,4.5731525
2,15,2,0.06204407
2,658,3,1.5429684
2,856,3,1.020718
2,857,3,0.09452644
2,858,2,0.011797389
2,859,2,0.103984855
2,285,3,1.0259193
2,864,3,0.11753547
2,102,3,1.0824649
2,486,-1,2.2352571
2,746,1,5.528797
2,877,3,0.08775926
2,497,3,1.1582543
2,51,3,4.793511
2,52,4,1.6870494
2,948,2,0.81684405
2,184,2,3.4123576
2,442,4,0.7782813
2,380,4,0.32557443
3,144,3,7.3737803
3,5,3,6.8999376
3,181,3,5.0134983
3,485,-1,4.2888074
3,6,3,0.500774
3,119,3,2.2121055
3,90,3,3.3246284
3,91,3,3.1013196
3,399,3,7.6944933
4,166,3,13.021345
4,488,-1,9.030512
4,236,3,5.408198
5,1296,1,4.2462893
5,401,3,2.9531698
5,1297,3,1.9274113
5,552,1,2.6990654
5,488,-1,2.1894846
6,257,3,3.6919272
6,258,3,0.5956093
6,99,2,1.3553766
6,115,3,1.0907611
6,491,-1,4.459564
7,19,4,1.3666636
7,20,2,0.21571714
7,56,3,10.929303
7,57,3,10.702683
7,58,3,4.56592
7,492,-1,19.139929
8,48,1,2.7792623
8,354,1,2.3588755
8,20,3,0.7308596
8,196,3,1.6243923
8,197,3,2.7384655
8,999,3,2.4141722
8,360,1,1.128638
8,1112,3,1.372501
8,122,1,6.235577
8,58,3,2.146728
8,492,-1,4.057587
8,1005,1,1.7293148
9,21,2,1.0067238
9,22,2,0.5984446
9,550,2,0.8931514
9,534,-1,0.0033712406
10,259,2,1.6249918
10,1011,3,1.1702547
10,436,3,1.4533008
10,405,2,2.9481735
10,437,3,0.8833974
10,438,3,0.5028063
10,998,3,1.4887823
10,493,-1,10.129754
10,302,3,5.3619103
11,160,4,2.3665643
11,20,4,2.263131
11,262,3,5.0906835
11,263,3,1.9035177
11,27,3,3.1142514
11,28,3,3.8374374
11,654,4,4.837463
11,495,-1,7.941419
12,624,-1,10.228506
12,194,2,0.5871483
12,86,2,2.0860932
12,649,4,5.380356
12,650,2,2.3780534
12,652,2,1.6057805
13,64,2,0.03196478
13,496,-1,8.818704
13,65,4,0.041417576
13,311,4,0.036250424
13,265,2,0.062405813
14,64,1,5.4337573
14,496,-1,0.08875196
14,65,4,2.3648512
15,497,-1,0.0
15,462,3,6.736414
15,463,1,3.7726183
16,498,-1,9.234575
16,196,3,1.6927077
16,266,2,2.9871993
16,106,3,4.787321
17,498,-1,4.7799516
17,196,3,2.0913618
17,106,2,4.8047013
18,498,-1,3.857338
18,196,2,2.7864578
18,197,2,4.9986024
18,198,2,0.026696486
19,32,2,0.2781798
19,67,2,0.13395846
19,1379,4,2.9996243
19,499,-1,0.49838573
19,164,2,3.2345753
19,715,3,0.92143315
19,716,3,3.3160105
19,717,3,1.4396646
19,639,3,0.21896237
19,719,4,0.06956047
20,500,-1,12.359315
20,87,3,4.8229957
20,407,3,2.6753228
20,88,3,7.164195
20,104,3,2.79217
20,408,3,1.9218842
20,267,3,3.5293145
20,268,3,6.9919424
20,269,3,2.709962
20,270,3,6.424628
21,16,2,2.6649354
21,502,-1,6.808392
21,413,2,3.0089612
21,414,3,0.3270131
21,271,1,3.8884494
22,68,1,0.55262595
22,502,-1,0.14408876
23,704,2,0.2533694
23,705,2,0.04137582
23,899,3,2.0176604
23,900,1,0.21838006
23,901,2,0.1883043
23,902,1,4.6915903
23,903,3,2.2127452
23,199,4,1.2036066
23,200,2,0.17291401
23,201,2,0.025710246
23,1289,2,2.037078
23,1290,3,1.362802
23,593,3,0.15769158
23,594,4,0.24535768
23,597,2,0.37623847
23,917,3,1.4922316
23,1109,2,2.5765862
23,919,3,1.5815299
23,1112,2,1.4470646
23,601,2,0.12901579
23,544,2,0.39709088
23,1256,2,0.18889648
23,1259,2,2.210473
23,749,3,0.37935442
23,1197,2,1.3866957
23,687,2,0.054661956
23,1333,4,0.27907026
23,1141,2,0.009036956
23,1272,2,0.83076996
23,634,2,2.3110344
23,698,2,2.1618614
23,700,2,1.3212397
23,892,-1,3.5971787
24,756,-1,6.774744
24,92,3,0.6063908
24,46,2,5.342121
24,47,2,4.031871
25,212,3,5.259508
25,276,3,0.3530631
25,213,2,3.6427348
25,277,3,6.5567226
25,214,3,4.2743387
25,215,3,6.3726087
25,216,3,6.5927916
25,426,3,3.7561316
25,427,3,1.1362331
25,511,-1,4.9211087
26,145,1,4.331044
26,611,1,5.0636735
26,1076,2,3.138415
26,565,2,2.0467227
26,406,2,1.620994
26,376,2,2.0440648
26,511,-1,0.2899064
27,224,2,3.1974065
27,512,-1,4.043462
27,278,3,1.0325142
27,428,3,4.709096
28,224,3,0.22768298
28,512,-1,0.0
28,279,3,0.0
29,464,4,5.397323
29,609,2,1.5623456
29,225,3,4.435414
29,465,4,6.928342
29,513,-1,4.2168827
29,514,2,4.733975
29,466,4,1.8539804
29,612,2,6.1189537
29,793,3,1.3268485
29,250,2,4.48586
30,464,2,2.2371085
30,225,2,1.6086824
30,609,3,0.22216682
30,513,-1,2.8178372
30,514,2,1.5525274
30,466,3,3.6714296
30,612,3,1.151516
30,793,4,0.32594156
31,776,4,0.13000853
31,751,-1,6.1846123
32,752,-1,7.3878098
32,465,2,0.97921586
32,247,4,1.7652807
32,249,3,0.23114073
32,777,3,1.3747388
32,778,3,0.24246742
32,250,4,1.4960946
33,516,-1,12.673134
33,252,3,9.663359
33,141,4,6.59203
33,431,3,8.793353
34,672,3,2.665002
34,800,3,2.309508
34,516,-1,4.4614024
34,714,3,2.0940492
34,252,1,3.8175578
34,431,3,4.111923
34,799,3,4.7574525
35,132,3,2.2729874
35,517,-1,0.1051923
35,166,1,3.2950234
35,167,1,0.16023761
36,518,-1,2.8747213
36,168,3,3.1114268
36,169,2,0.25899896
37,97,3,1.075433
37,242,3,1.3328488
37,487,3,1.8505207
37,519,-1,2.3746767
37,121,3,1.54659
37,409,3,2.1096592
37,187,3,0.41572815
37,188,2,2.9214587
37,172,3,0.03850093
37,173,2,2.609411
38,272,3,2.839135
38,24,2,1.8610033
38,552,2,1.9455457
38,536,-1,3.6951969
38,553,2,1.5991997
38,554,2,0.21595202
38,283,2,0.15806967
38,555,2,0.35780877
38,556,2,2.248852
38,557,4,0.41480008
38,558,4,1.6259449
39,418,3,1.5596633
39,552,2,1.3046398
39,1257,3,4.612797
39,554,2,0.0
39,555,1,0.00209091
39,556,2,0.18309557
39,557,4,0.0
39,79,3,1.616242
39,207,3,3.2896357
39,272,1,3.3511748
39,24,2,1.3606089
39,536,-1,1.4811198
39,505,3,1.1931659
39,283,2,0.025710246
40,552,2,1.6434376
40,553,2,0.15682042
40,554,2,0.0
40,555,2,0.0
40,556,2,0.84159404
40,557,4,0.3681039
40,558,4,0.81509393
40,272,3,2.441066
40,976,3,1.3709012
40,85,3,0.8208115
40,24,2,0.87722427
40,536,-1,4.6028485
40,283,2,0.025710246
41,288,1,4.820776
41,289,1,10.349699
41,433,2,9.2648115
41,520,-1,4.3799753
42,467,3,4.7524295
42,468,2,5.9970546
42,469,3,5.075901
42,470,3,1.5884567
42,775,4,0.9085983
42,521,-1,10.790026
43,467,1,4.872889
43,468,1,3.1351814
43,469,1,4.125065
43,39,3,3.8205853
43,503,3,2.8390138
43,775,3,0.7910016
43,521,-1,3.1900198
44,436,3,0.010756051
44,437,4,0.06201424
44,524,-1,0.010756051
44,302,3,0.11211509
45,481,3,1.7056785
45,1185,3,3.0806878
45,1226,4,0.46998525
45,1355,4,0.86167264
45,525,-1,4.290123
45,305,2,5.078225
45,338,3,2.0199144
45,308,3,1.6666636
45,629,3,0.70006615
45,663,3,1.08197
45,570,2,1.1409669
45,572,3,1.7201352
45,798,3,1.0977043
46,481,3,1.7807863
46,1185,4,3.4177356
46,1226,4,1.1816757
46,1355,4,1.0532465
46,525,-1,3.6228461
46,623,3,3.5773728
46,305,2,4.186262
46,338,3,2.0964608
46,84,4,2.9254594
46,629,4,1.0292144
46,663,4,1.3964422
46,344,3,3.1849144
46,570,3,0.94135886
46,123,4,3.4870384
46,572,4,2.5487866
46,798,3,1.0757465
47,1185,3,0.9181515
47,1355,3,2.558442
47,525,-1,6.0110626
47,304,2,4.9795227
47,305,3,4.197797
47,306,2,1.4368544
47,307,2,3.9303746
47,308,4,3.1402988
47,629,3,1.2638211
47,309,2,2.394881
47,310,2,4.376039
47,663,3,2.82124
47,570,2,2.8435571
47,572,2,2.5930846
47,798,3,0.10603388
48,439,2,2.946441
48,311,3,0.92440367
48,440,3,6.580175
48,265,4,0.009811871
48,314,4,0.12018014
48,794,4,1.1584578
48,187,4,0.4476351
48,315,4,2.0535076
48,316,3,0.84593606
48,797,3,7.2945113
48,798,3,3.6455722
48,526,-1,7.351403
49,320,3,4.960466
49,478,4,3.1973708
49,527,-1,7.339231
50,528,-1,2.2351124
50,306,4,0.42344266
50,629,2,1.8948779
50,21,4,0.46218625
50,326,2,2.5173295
50,22,4,0.7915612
50,94,4,0.70372015
51,192,3,3.3895092
51,528,-1,4.2408705
51,629,2,2.725228
51,261,4,4.571449
51,326,4,3.7169018
51,23,2,3.4742029
51,105,2,2.651918
51,381,2,0.68049014
51,94,1,5.34524
51,494,2,8.150313
51,63,4,1.0250835
52,528,-1,2.999727
52,306,2,4.097203
52,21,2,3.1625257
52,22,2,2.778398
52,326,4,2.9568188
53,448,4,4.0826297
53,208,4,11.675356
53,33,3,3.958216
53,449,4,1.8191446
53,531,-1,5.980759
53,296,3,5.099978
53,297,4,3.5494857
53,298,4,4.911086
53,299,4,1.4786339
53,446,4,2.1699505
53,447,4,4.826843
54,560,3,3.0781171
54,84,2,7.2105246
54,628,4,1.8072174
54,101,3,3.5067506
54,661,4,2.4237845
54,294,3,2.9931629
54,24,3,2.1210296
54,123,-1,10.425321
54,364,3,5.3824377
54,365,3,4.4140825
55,16,2,3.4576654
55,562,2,3.7714565
55,502,3,0.2427945
55,375,2,2.4314072
55,376,4,4.3896008
55,377,4,4.0507
55,378,3,1.3196763
55,538,-1,1.8686975
55,460,2,5.964761
55,255,3,3.0654805
55,271,3,0.47692168
56,705,4,0.66463625
56,753,-1,11.907954
56,643,4,1.488774
56,1339,3,3.454889
56,779,4,0.23589791
56,379,4,3.1625557
56,380,2,2.0889509
56,780,4,1.4464372
56,749,3,2.4281068
56,14,4,6.53501
56,686,4,3.7426958
57,704,4,3.1169653
57,705,4,1.2570541
57,746,3,0.47451255
57,779,4,0.4728548
57,780,4,0.8843283
57,12,4,0.14516479
57,14,4,1.9751651
57,15,4,1.3106608
57,593,3,1.7082806
57,753,-1,7.8894405
57,914,3,1.2011379
57,857,4,2.3878942
57,379,4,2.1660933
57,859,4,1.5049593
57,380,2,3.245456
58,784,4,2.2914217
58,785,3,5.750772
58,786,3,2.9576917
58,754,-1,9.198093
58,787,3,2.9187455
58,788,2,7.4001846
58,789,4,3.6498172
58,23,4,1.877981
58,381,4,1.5469375
58,382,4,0.7555227
59,785,3,2.1996646
59,786,3,3.2143896
59,754,-1,2.5657094
59,787,3,0.11097121
59,788,2,1.5740029
60,320,4,6.1689124
60,322,-1,7.1565056
60,475,2,0.8505163
60,476,3,5.6638103
60,478,4,3.1795843
60,527,3,8.143355
61,564,3,6.4618745
61,565,2,3.7040641
61,661,4,1.3794777
61,566,2,6.1611614
61,1159,3,0.86959213
61,539,-1,5.4413705
62,566,1,2.550321
62,1078,3,1.9441745
62,567,2,2.3905907
62,1081,3,5.28785
62,539,-1,1.8043101
62,1084,2,0.22249089
63,564,3,0.2655397
63,566,3,0.7883296
63,567,1,0.36452472
63,539,-1,0.013070278
64,627,-1,1.9959148
64,390,1,5.0693536
64,391,2,2.163003
65,128,2,0.48571715
65,384,3,0.0
65,2,2,3.5229783
65,418,4,1.2542955
65,3,2,3.1419313
65,323,3,0.123419635
65,324,3,1.1125705
65,4,3,2.9915192
65,388,-1,5.31257
65,393,3,3.1188335
65,394,3,0.4136597
65,659,3,1.6302528
65,180,3,3.0255873
65,629,2,1.8024954
65,1302,3,1.8542086
65,664,2,3.217628
66,659,3,2.7375007
66,180,3,1.6573044
66,660,3,2.700874
66,388,-1,2.280335
66,629,2,4.1473203
66,664,2,3.2897987
67,128,1,3.4257832
67,2,1,4.006433
67,3,1,2.4159954
67,323,3,0.122662134
67,324,3,1.3667405
67,4,3,3.028982
67,388,-1,3.284511
67,389,3,2.7317488
67,393,3,3.1375623
67,394,3,0.3936891
67,659,3,2.2343552
67,180,1,3.0319688
67,629,2,1.9578794
67,1302,3,1.9308798
67,664,2,3.1167936
68,628,-1,11.428935
68,101,3,1.4323363
68,661,3,4.5154204
68,662,2,6.342107
68,460,3,0.23544991
68,62,3,2.844322
69,336,4,0.77189445
69,977,3,1.6902515
69,458,2,2.5932035
69,570,2,1.6771665
69,540,-1,3.3082764
69,62,3,2.4505556
70,977,3,1.6342776
70,307,3,0.94641936
70,101,3,0.07448563
70,565,3,1.9206146
70,568,2,0.23551963
70,24,4,1.632888
70,570,2,1.6771665
70,283,3,1.1942167
70,540,-1,4.3027425
70,333,1,0.963214
70,62,2,3.135447
71,101,3,0.5320083
71,569,1,1.6897986
71,571,1,0.5969428
71,1355,2,0.05158631
71,572,1,2.9096282
71,540,-1,3.3245993
71,1213,3,0.8488201
71,798,4,2.3902156
71,655,3,0.873581
72,128,4,1.1484874
72,323,4,1.2414229
72,324,2,0.69674295
72,388,4,0.35282242
72,494,3,1.192162
72,655,4,0.055521652
72,304,3,0.59831303
72,305,4,1.3604262
72,21,2,0.11780271
72,309,4,1.6115985
72,629,-1,0.21852481
72,630,2,2.5632298
72,663,4,2.4249206
72,664,3,0.1940232
72,570,3,0.80296904
72,571,4,2.2276793
72,94,3,0.89469266
72,62,4,0.50448936
73,160,3,4.6996284
73,577,4,4.814699
73,578,2,0.6353479
73,68,3,0.5805845
73,1252,3,4.5052075
73,421,3,2.8679059
73,1355,4,0.3965957
73,332,2,13.959103
73,1198,4,2.0493004
73,655,4,1.1999847
73,401,2,7.832587
73,625,2,6.5735617
73,1304,3,1.318812
73,25,4,3.2184365
73,571,3,0.16827852
73,572,2,4.1258044
73,573,3,6.1016846
73,317,4,1.8817279
73,1213,3,2.0194316
73,541,-1,11.223991
73,574,3,4.346059
74,576,2,6.3547344
74,656,2,2.6771963
74,578,4,0.30734205
74,317,4,3.0396645
74,541,-1,3.2275565
74,574,4,2.4107552
74,575,3,2.654472
75,324,3,5.183003
75,630,-1,4.4042096
75,378,3,1.0972965
75,666,3,1.3306113
75,667,2,2.645373
75,670,3,2.118939
76,324,3,0.08829065
76,630,-1,3.881934
76,329,3,3.6463268
76,378,2,0.22607046
76,666,3,3.9711864
76,667,2,4.4332104
76,670,3,1.8084297
76,1391,3,3.059901
77,630,-1,4.8377028
77,329,4,12.013239
77,666,3,1.8509529
77,667,3,6.3324723
77,668,2,3.330825
77,670,3,1.9724771
77,1391,4,4.7836328
78,588,2,8.633082
78,589,3,10.252552
78,590,3,5.262996
78,543,-1,7.9298906
79,688,4,2.0653114
79,544,-1,4.4214864
79,708,4,2.038787
79,597,3,3.5828843
79,598,3,0.5284572
79,713,4,1.1258587
80,544,-1,5.946562
80,594,1,1.4899185
80,596,3,0.33134544
80,597,1,1.690986
80,598,3,0.39068004
81,672,1,4.13864
81,631,-1,5.4536786
81,799,4,5.9349003
82,676,2,5.2678647
82,677,2,9.736467
82,678,3,5.5801873
82,679,3,3.4919307
82,632,-1,3.0520763
82,205,3,1.8453285
83,680,2,3.1135151
83,681,2,0.33158812
83,633,-1,3.0206175
83,682,2,0.9887278
83,683,2,1.8108554
84,608,3,0.8048703
84,354,4,1.0931377
84,962,3,2.5812185
84,546,-1,1.9926357
84,406,2,1.4855549
84,294,3,4.4904885
84,1192,3,2.501826
84,873,4,2.8061
84,522,4,4.5635204
84,1213,3,2.2150161
84,606,2,1.8251786
84,142,3,2.8809836
85,608,1,1.8345028
85,546,-1,1.2809528
85,406,2,1.1154538
85,710,3,3.753321
85,606,3,0.25335193
86,594,3,6.2494016
86,755,-1,14.934444
86,790,3,10.6739645
87,609,4,0.3566056
87,562,3,1.2314403
87,50,4,0.8107086
87,611,2,0.40301672
87,547,-1,2.7176394
87,612,4,0.9627105
87,406,4,0.8317907
87,236,4,2.3271327
87,606,2,0.43687
88,548,-1,15.541172
88,613,2,11.087708
88,614,2,7.9197636
88,615,2,6.016735
88,616,3,10.234414
88,617,3,9.800438
88,618,4,6.2703924
89,420,4,3.7857628
89,757,-1,8.191499
89,793,2,6.9281597
89,794,2,5.3375955
89,795,4,1.3547767
89,796,4,4.052886
89,797,3,7.2271137
90,800,4,0.40814143
90,256,2,1.4214854
90,291,3,1.464973
90,1187,4,3.308078
90,335,3,1.3139701
90,1364,3,1.9792435
90,757,-1,2.517252
90,311,3,2.4966376
90,1367,4,1.3197266
90,793,3,1.6903937
90,794,2,0.855558
90,796,3,0.32597107
90,797,2,2.1496887
90,798,2,3.2872698
91,800,3,2.655566
91,672,4,1.8518666
91,801,2,2.1092434
91,1154,3,2.4897954
91,757,-1,0.58480114
91,793,4,0.23724103
91,794,4,0.2681474
91,252,2,4.514751
91,797,3,1.9452049
91,799,3,4.1535172
92,802,2,0.89833385
92,803,2,0.3914632
92,804,4,7.5744276
92,805,4,3.5176942
92,806,4,7.6148615
92,807,4,6.6637883
92,808,3,4.6258354
92,809,3,6.515881
92,810,4,6.776689
92,811,3,6.653534
92,758,-1,9.152936
92,1243,4,3.440033
92,253,3,1.8223932
92,1247,3,6.6979423
93,691,3,9.22601
93,635,-1,14.196402
94,354,4,2.0573614
94,101,4,4.8784623
94,294,3,2.7108414
94,1161,4,3.629318
94,559,3,4.085318
94,1104,4,4.050386
94,689,4,3.307497
94,1393,3,5.8891287
94,690,4,0.63297457
94,1395,4,2.2360373
94,24,1,3.6163073
94,283,3,5.211503
94,635,-1,1.9849268
95,662,4,5.349654
95,283,1,3.2089522
95,635,-1,4.500656
96,704,3,3.4035249
96,705,3,3.9993331
96,706,4,0.593008
96,1289,3,2.861375
96,779,3,4.3090177
96,792,4,1.1231499
96,698,4,4.749557
96,699,4,5.6707687
96,1339,4,4.552268
96,700,4,2.7990453
96,701,4,3.3125932
96,637,-1,5.55617
96,702,4,1.2863703
96,703,3,0.011004865
97,1289,4,4.7253175
97,681,3,0.59306985
97,698,4,0.095891766
97,699,3,0.38768917
97,779,3,6.2073226
97,1339,4,1.5390486
97,700,3,0.069436975
97,701,3,1.9936368
97,637,-1,1.1372186
97,702,3,0.53406066
97,703,3,0.056437556
98,708,4,0.8581765
98,709,4,1.2917356
98,711,4,1.9408793
98,712,4,4.629314
98,713,2,0.11687386
98,638,-1,9.502678
99,1379,3,4.040356
99,1001,3,0.060833853
99,717,2,5.1686096
99,719,2,5.5658126
99,639,-1,7.851294
100,1121,3,1.430477
100,1122,2,9.884327
100,820,3,1.7800703
100,821,2,0.48763672
100,822,2,9.836067
100,823,3,4.083765
100,824,2,2.3381467
100,760,-1,8.626367
100,825,3,3.8325438
100,1051,3,7.1393566
101,817,2,9.280827
101,818,2,5.7777205
101,819,2,10.326872
101,820,3,9.853565
101,824,2,3.8395488
101,760,-1,7.58865
101,825,3,7.5922275
102,913,2,3.005284
102,728,1,2.1168473
102,729,-1,3.3444378
102,910,3,5.417579
102,911,4,0.005465962
103,761,-1,5.286371
103,826,3,2.7644815
103,828,3,0.09943672
104,833,3,3.0410933
104,834,3,0.45728007
104,835,3,2.751977
104,836,3,2.4157164
104,837,3,5.5245085
104,762,-1,9.776884
105,848,3,12.146118
105,844,4,2.5363798
105,764,-1,13.610972
105,845,4,2.3126175
105,846,4,4.0202193
105,847,4,5.6149325
106,849,3,0
106,844,4,2.4191358
106,764,-1,3.2277358
106,845,4,1.1064115
106,846,3,2.4191358
106,847,2,1.8882442
107,720,4,1.8364991
107,640,-1,11.901694
107,725,2,6.8643656
107,728,2,1.6495048
107,729,3,2.4768872
107,75,4,0.8355782
107,909,4,4.530868
107,911,3,4.040841
108,720,4,6.453439
108,640,-1,4.268617
108,723,4,3.4776657
108,724,2,4.716035
108,726,2,4.1267457
108,727,2,5.2437587
108,75,3,6.7073174
108,909,3,3.0960553
109,980,3,0.0
109,860,1,1.0513266
109,12,3,0.00950285
109,861,1,0.5633478
109,606,3,2.033452
109,766,-1,2.0689845
110,1174,4,1.9473078
110,862,1,1.7640876
110,766,-1,2.3703833
110,863,1,0.5503189
110,31,3,1.395816
111,864,2,1.550644
111,914,3,1.7048609
111,658,3,4.7111783
111,627,3,3.39471
111,391,2,2.9791725
111,392,3,3.4159596
111,894,-1,8.822977
111,15,2,2.7617817
112,641,-1,13.055218
112,730,4,9.611434
112,731,3,5.1627846
113,643,-1,1.1739339
113,265,3,3.2345502
113,746,3,1.5159894
113,748,3,4.84237
113,749,3,1.5230799
114,916,2,5.358125
114,919,1,5.056979
114,920,3,0.60041916
114,921,3,2.1186025
114,895,-1,13.601687
115,51,2,1.7560354
115,184,-1,4.689552
115,185,2,3.3030424
115,874,4,0.65934294
115,878,3,3.4059677
116,896,-1,1.1298003
116,360,3,1.4825293
116,922,1,0.6597212
116,492,4,0.5194372
116,605,3,5.871782
116,927,3,2.8721454
117,896,-1,1.08448
117,360,2,2.0566413
117,605,3,2.3566902
118,896,-1,0.6295207
118,923,2,5.0017967
118,924,3,5.0566936
118,925,3,1.2548347
119,897,-1,4.751768
119,926,4,7.7697515
120,769,-1,9.942006
120,885,3,4.689177
120,886,3,4.6882777
120,887,2,8.651739
120,888,3,4.5839267
120,889,4,5.2424817
120,890,2,6.8283362
120,1146,2,4.5834966
120,891,3,5.1101
120,829,2,0.43481523
121,769,-1,5.4988914
121,885,1,3.032004
121,886,1,2.5401354
121,887,1,6.245541
121,888,1,5.098075
121,1146,2,4.5546384
121,890,1,5.2466235
121,891,1,4.12948
122,898,-1,4.372932
122,931,4,2.8432336
122,932,2,0.3905972
122,934,4,4.1123238
122,935,4,2.5203848
122,936,2,2.355329
122,937,2,2.3101861
122,938,2,2.605018
122,1131,3,1.8360591
122,957,3,2.6544042
123,966,2,3.1538124
123,967,3,1.9838394
123,941,-1,2.3435738
124,964,3,1.248281
124,965,3,0.32846397
124,967,2,2.4144847
124,968,2,0.29878274
124,941,-1,9.115666
125,992,3,1.6937566
125,994,3,0.95293
125,995,3,0
125,997,2,3.0023658
125,969,2,0.55663735
125,970,2,1.604604
125,971,2,1.5343221
125,972,2,1.0491697
125,973,3,1.1846341
125,173,3,2.0068555
125,974,4,0.1413482
125,174,2,1.846195
125,942,-1,0.03880944
125,176,3,1.690034
125,177,4,1.1355683
125,946,3,1.4651381
125,409,3,1.4017398
125,187,3,0.68916667
126,969,3,1.4933691
126,970,3,0.9590521
126,187,3,0.0
126,971,3,0.0
126,972,3,0.0
126,973,3,0.072027355
126,974,2,7.7959504
126,1326,2,7.520992
126,942,-1,1.4524949
127,944,-1,3.5291204
127,164,2,3.3324826
127,101,2,2.290019
127,981,3,4.0579357
127,982,4,0.92845047
127,983,4,1.1939888
128,945,-1,11.127732
128,985,3,1.8042282
128,990,3,0.90763044
129,945,-1,8.607088
129,984,3,1.9076371
129,985,2,4.8909445
129,986,4,2.5539567
129,987,2,6.665617
129,988,3,7.528803
129,989,3,8.062904
129,990,3,2.9706185
130,1008,3,4.03096
130,948,-1,11.466239
130,858,3,4.128952
130,859,3,12.793003
130,12,3,0.1593022
130,766,2,5.884451
131,1012,4,4.095624
131,1013,3,3.4793541
131,1014,2,5.0450554
131,950,-1,11.940643
131,1016,3,2.1451154
131,1017,3,6.1559486
131,1018,3,3.4350512
131,1019,3,5.926301
131,1020,2,3.782508
132,1024,4,2.4783843
132,1025,3,2.1397357
132,1026,3,2.4676929
132,1012,4,2.3856137
132,1013,3,3.1016517
132,1014,1,2.1012414
132,950,-1,2.7764723
132,1015,3,2.8167825
132,951,3,2.23079
132,1016,3,1.5490918
132,952,4,1.8506958
132,1017,3,2.9250474
132,1018,4,2.0718203
132,1019,4,1.7109774
132,1020,4,2.7112222
132,1023,3,2.2733665
133,1024,3,2.4783843
133,1012,4,2.3856137
133,950,-1,2.7081652
133,1016,4,1.749937
133,1018,2,2.0718203
133,1019,2,2.197672
133,1020,1,2.7112222
133,1022,4,1.7639419
134,1027,2,2.2526183
134,1028,3,3.9713268
134,951,-1,4.514871
135,1024,4,4.458028
135,1025,4,3.8108177
135,1026,4,4.5105953
135,950,4,4.65665
135,951,-1,3.9850092
135,1016,4,2.9633996
135,1017,4,4.7837925
135,1018,1,3.916379
135,1023,4,3.9400315
136,951,-1,4.436695
136,1034,4,2.988586
136,1021,1,3.2558475
136,1022,4,1.7639419
137,1029,2,3.2930272
137,951,3,4.1046615
137,952,-1,20.66739
137,1034,3,10.382214
137,1021,3,7.646044
138,953,-1,3.6823256
138,1036,1,1.1424305
138,846,1,4.8259115
139,1031,2,0.5244541
139,1032,2,1.0516456
139,953,-1,3.6989405
139,1035,2,1.5266296
139,1037,4,0.7956287
140,1041,2,1.9910616
140,1042,2,1.5901034
140,1043,4,0.62000585
140,1044,4,0.052416548
140,954,-1,10.048107
140,1038,1,6.3956003
140,1039,1,1.3943044
141,1041,1,1.9497956
141,1042,3,0.7157817
141,1043,2,3.165522
141,1044,2,2.0699537
141,954,-1,2.1302102
141,1038,1,3.1430013
141,1039,3,2.131482
142,1042,1,0.16083884
142,954,-1,6.695187
143,1043,1,3.7382584
143,1044,1,2.4002748
143,954,-1,4.287438
144,1045,2,7.4984446
144,838,3,6.6889906
144,839,3,10.395671
144,840,2,7.954676
144,841,3,4.1772
144,763,3,7.763961
144,955,-1,9.822898
145,852,4,1.1907942
145,1045,3,5.2127213
145,838,2,5.4704394
145,839,2,9.271427
145,743,3,1.9771005
145,841,2,1.7355696
145,763,2,5.1023784
145,955,-1,4.6690326
146,1045,3,8.364654
146,840,1,7.0251503
146,955,-1,10.627652
147,1046,3,1.5966332
147,822,4,1.60019
147,1047,4,1.7047404
147,1048,3,2.361298
147,889,3,4.2681913
147,1049,4,7.742852
147,1050,3,11.123339
147,1051,4,1.9017801
147,843,3,4.395096
147,956,-1,13.593963
147,926,4,0.027191075
148,1046,3,1.7213345
148,1048,2,5.5228586
148,889,2,1.6853905
148,1049,3,2.7146618
148,1050,2,3.9141922
148,843,3,1.2848189
148,956,-1,5.55289
149,1057,3,1.1948761
149,1058,3,2.769776
149,930,3,4.862002
149,1059,3,2.7749286
149,931,3,2.8152714
149,934,3,2.9206157
149,936,3,2.3364947
149,937,3,2.5963552
149,938,3,1.694615
149,1131,3,2.0757601
149,1052,4,1.6142817
149,957,-1,1.690264
150,1074,3,6.0007977
150,1075,3,6.635246
150,1062,-1,6.143695
151,1074,3,1.3475618
151,1075,4,1.7567744
151,1076,2,0.44650343
151,1077,4,0.5889963
151,1062,-1,1.5388272
151,687,2,0.43581742
152,1076,1,1.542913
152,1077,3,0.023009485
152,1062,-1,1.7647214
152,569,3,1.5272919
152,572,3,0.7108494
152,687,4,0.32736328
152,655,3,1.170514
153,1078,3,2.992926
153,1063,-1,8.566255
153,1080,4,0.0
153,1081,4,5.3074694
153,1082,4,6.5050597
153,1083,3,0.0
153,1084,3,0.4369867
153,1085,3,5.3355446
154,1088,3,11.799322
154,1063,-1,4.1188364
154,1087,2,4.2022715
155,1104,3,0.30590993
155,983,3,0.050866883
155,1065,-1,3.17685
155,1099,4,2.6223872
155,1100,2,2.3971193
155,1101,3,4.3859463
155,1103,1,0.054661956
156,1096,3,7.1467643
156,1097,2,6.84675
156,553,2,6.3279934
156,1065,-1,5.2080936
156,1098,3,5.1279254
156,1099,3,4.0891757
156,1100,2,3.7909
156,1101,3,2.4101963
156,1102,1,0.0
156,1103,4,1.3444753
156,1104,1,1.2034853
156,274,2,2.6262338
156,82,3,3.9172478
156,982,4,0.89871895
156,983,1,0.05738244
157,456,2,6.6058583
157,1355,4,1.3609977
157,655,3,1.0168836
157,273,2,2.4495223
157,1105,2,2.1458106
157,657,3,2.8729837
157,1106,2,1.3664824
157,1107,2,1.2821223
157,19,3,1.617132
157,215,3,0.23273562
157,1304,3,0.7461409
157,25,2,5.4932766
157,666,4,1.8534452
157,410,2,1.8829823
157,1307,3,0.80444956
157,93,3,1.800973
157,605,3,0.9905944
157,160,3,6.211297
157,161,3,2.4280841
157,354,3,2.7113283
157,482,3,2.5992243
157,35,3,1.9930738
157,36,3,1.7691869
157,421,3,2.389244
157,423,3,4.2363358
157,556,2,4.813328
157,44,3,2.6007867
157,557,3,3.961016
157,302,3,0.9918925
157,1006,-1,5.956283
157,369,3,5.469161
157,689,3,2.070827
157,626,2,4.012045
157,370,3,3.9211152
157,1011,3,1.4164802
157,372,2,3.2968283
157,122,4,2.520136
157,572,3,1.2200861
157,318,3,4.4831266
157,1151,2,2.8849099
158,1009,3,1.0523566
158,273,4,0.10754112
158,1010,3,1.7349162
158,1011,1,1.1137545
158,998,3,0.83062744
158,552,2,2.8243086
158,556,4,0.0
158,302,1,3.5071166
158,1006,-1,0.031012874
159,1108,3,1.1051977
159,1110,3,0.18569836
159,1111,3,1.313232
159,231,3,1.3706044
159,1112,3,4.523685
159,234,3,1.3308052
159,1114,4,0.6706295
159,1066,-1,14.279335
159,1115,4,3.4780254
160,1136,4,4.2591524
160,1137,3,3.3662558
160,1138,3,2.5410786
160,1134,3,11.518372
160,1135,4,2.4191787
160,1071,-1,14.347741
161,336,3,1.5175524
161,562,3,3.5702403
161,996,4,1.5346692
161,54,2,8.351887
161,55,4,4.9037623
161,489,-1,2.8821201
161,1386,2,10.286967
162,562,3,4.4564333
162,54,3,4.7996945
162,489,-1,3.5318127
162,458,1,2.5897021
162,155,1,2.0943992
162,459,1,2.9147284
162,460,2,5.7164493
162,461,2,4.5849547
162,111,1,2.0906422
163,20,3,1.3371152
163,56,3,7.1582947
163,57,3,6.7226577
163,492,-1,9.754018
164,416,3,2.735987
164,1364,3,1.9894551
164,311,2,5.219534
164,1367,3,1.2856252
164,503,-1,3.6848364
164,316,4,3.03209
164,798,3,3.064852
164,415,3,3.7109377
164,335,4,1.3139701
165,71,1,2.9789476
165,72,1,4.26662
165,504,-1,6.7337832
166,272,2,1.4001889
166,1264,2,0.9099051
166,418,2,0.70414895
166,40,2,0.68741685
166,504,-1,6.321194
166,41,2,0.5179858
166,74,2,0.87793326
166,170,2,1.9066283
166,207,2,2.1465757
167,274,2,5.629559
167,82,3,4.7978115
167,509,-1,2.316876
168,774,1,0.4195185
168,217,1,5.060905
168,750,-1,6.5298405
169,118,1,6.777958
169,774,1,0.74558705
169,775,1,1.653235
169,157,1,6.9598665
169,750,-1,6.5493994
170,672,3,1.1882946
170,904,3,10.251898
170,906,3,3.3394825
170,139,2,6.71379
170,893,-1,6.573304
170,238,2,4.875716
170,239,3,5.947523
171,516,-1,10.803112
171,252,1,9.663359
171,141,4,5.5894647
171,431,1,10.042281
172,320,1,5.3339043
172,321,1,5.449659
172,322,3,4.9909644
172,476,3,5.6264853
172,527,-1,6.1518154
173,451,1,5.6925745
173,532,-1,5.6224394
173,367,1,2.9340484
174,482,1,0.42330614
174,36,2,1.496426
174,533,-1,3.5749626
174,423,4,0.1743935
174,58,1,2.1406605
174,411,1,2.8778887
175,964,3,0.6607762
175,965,3,0.88703734
175,966,2,0.09625012
175,967,2,0.17897159
175,941,-1,4.5132837
175,351,2,2.4854472
176,978,4,1.0829245
176,582,1,1.234832
176,982,1,1.248393
176,583,1,0.66791
176,584,3,2.3720334
176,585,3,1.4071206
176,586,1,3.8079782
176,542,-1,9.196543
177,592,3,2.2265635
177,772,3,2.5273426
177,588,2,6.4015307
177,589,2,5.900782
177,590,4,5.3795376
177,543,-1,5.641784
178,588,4,3.1365666
178,589,4,4.0067153
178,590,3,2.943644
178,591,1,3.978204
178,543,-1,2.995741
179,680,3,6.8330593
179,681,3,1.9739124
179,633,-1,13.783174
179,682,3,8.977673
179,683,3,2.6303596
180,548,-1,10.341789
180,616,4,6.4061394
180,617,4,4.6721735
180,619,3,1.132306
180,620,3,1.3812952
180,621,3,1.809374
180,622,2,5.409818
180,1150,4,2.0467303
181,997,3,3.240777
181,1061,3,1.0435389
181,409,2,1.7653136
181,973,2,1.1846341
181,974,2,0.29056123
181,942,-1,0.0
182,634,-1,22.152002
182,685,1,18.110239
182,686,3,6.1167793
183,802,2,0.09415278
183,803,1,0.9025701
183,804,4,4.3379135
183,805,4,1.5124633
183,806,4,2.7236993
183,807,3,2.8030663
183,808,1,4.1597466
183,809,1,4.998088
183,810,4,2.365179
183,811,3,4.496908
183,758,-1,4.5091724
183,1243,4,3.9712741
183,253,3,1.9028375
183,1247,4,3.283496
184,32,3,0
184,67,3,3.6465647
184,499,3,0
184,1379,3,2.9218538
184,715,3,1.0567336
184,716,3,1.8564408
184,717,4,5.2100325
184,639,-1,2.4560637
185,1008,3,2.364605
185,948,-1,3.7177854
185,856,3,6.158147
185,857,2,5.341997
185,858,2,3.852585
185,859,2,3.5133548
185,285,4,1.6364511
185,894,4,2.8906765
185,766,2,4.094722
185,15,4,2.3536875
186,1280,3,1.0108175
186,161,4,0.072839186
186,1377,4,1.1071708
186,225,3,0.5866834
186,1378,3,0
186,1379,4,0.0
186,1380,4,0.46285015
186,1188,-1,1.0681152
186,421,4,0.008903742
186,1062,3,3.7533977
186,1074,3,2.7781277
186,1075,3,3.8534515
186,1304,3,0.42620936
186,1305,3,1.5357534
186,923,3,3.071038
186,924,3,3.1268325
186,1309,3,0.9425958
187,1045,3,0.99377054
187,838,3,3.3137114
187,839,3,6.343241
187,743,4,4.4721875
187,840,3,0.35357067
187,842,3,0.9372759
187,763,-1,8.430145
188,640,-1,7.6899095
188,721,2,2.7724714
188,722,2,7.5534654
188,723,2,1.7174008
188,724,4,3.2063892
188,725,2,7.6447506
188,726,4,0.2844184
188,728,2,1.6051062
188,729,2,3.8368244
188,75,3,0.9927753
188,909,3,3.391895
188,911,2,2.8061268
189,865,3,3.7461917
189,866,2,1.8975432
189,867,4,2.8510175
189,868,3,2.316038
189,869,2,4.1437645
189,870,3,3.694391
189,872,3,0.38243118
189,873,3,0.20104226
189,395,2,1.5112106
189,767,-1,8.963346
190,864,3,1.6393362
190,390,3,7.564595
190,391,1,4.2551975
190,285,2,1.6364511
190,894,-1,3.014453
190,15,1,5.678713
191,864,3,1.5397967
191,390,4,2.5962555
191,391,3,3.0296786
191,15,3,4.0681977
191,1008,4,2.1587567
191,914,1,2.8493888
191,658,3,4.5296264
191,915,1,0.34104005
191,948,3,3.73964
191,856,3,3.8036172
191,857,2,3.748558
191,858,2,3.4496577
191,285,2,1.6330341
191,894,-1,4.866501
192,736,1,0.046234723
192,641,-1,8.219886
192,733,1,2.3102775
192,734,1,4.054857
192,735,1,4.5740285
193,1392,3,3.9356856
193,736,4,2.2653131
193,641,-1,4.054731
193,422,3,3.1293693
193,648,3,2.5642755
193,730,3,4.4288793
193,731,4,0.29063025
193,733,4,5.37154
193,734,4,4.181849
193,735,4,2.9201002
194,642,-1,10.723588
194,739,2,7.220775
194,740,2,6.2306585
194,741,4,5.302511
194,742,2,3.5043256
194,743,2,4.5943055
194,744,3,8.160566
195,642,-1,9.000988
195,739,3,8.2309265
195,742,3,2.5046878
195,743,3,3.8054297
196,874,2,0.6683615
196,202,3,0.31560037
196,746,3,3.5195825
196,875,2,3.2190948
196,12,4,2.4110785
196,876,2,0.73218215
196,13,3,2.424881
196,878,3,0.21830678
196,879,3,0.004396393
196,880,3,0.062245015
196,51,2,2.1104608
196,184,-1,4.974898
196,185,2,0.15088055
197,768,-1,4.1930594
197,881,2,6.269822
197,883,3,2.3350122
197,884,3,5.424562
198,769,-1,2.4961448
198,887,2,3.0980866
198,888,2,1.1188775
198,889,2,4.948105
198,843,3,2.7754805
199,1056,2,0.9945729
199,1060,2,0
199,743,2,0
199,744,2,3.5365975
199,1052,1,1.5608766
199,1053,1,1.7249955
199,957,-1,1.0456729
199,1054,2,3.4656737
199,1055,2,3.5806556
200,1137,2,4.468612
200,1138,2,2.2320142
200,1134,2,7.8070526
200,1071,-1,6.393611
201,160,4,1.215667
201,482,4,2.0225012
201,423,4,2.4379804
201,552,2,2.5429716
201,110,4,0.7282702
201,1391,4,4.012618
201,1295,3,3.8996294
201,1296,2,5.4281473
201,625,2,10.771593
201,401,3,5.103708
201,369,4,1.6136154
201,1140,-1,0.48254335
201,1304,4,0.21484977
201,93,3,1.095546
201,541,3,3.1821978
201,318,3,3.0265248
201,1151,3,2.8510022
202,1285,-1,6.2247195
202,232,4,4.0198793
202,48,4,0.49490476
202,1110,2,0.12637293
202,1303,2,2.024545
202,1304,2,1.7492677
202,1305,4,3.0153759
202,1306,3,1.8189447
202,602,4,0.5075913
202,603,4,2.274843
202,1308,3,0.016085757
202,604,4,0.9048042
202,1309,2,0.93939906
202,605,3,2.8282635
202,1310,4,7.3377137
203,323,4,0.051076144
203,1188,4,0.19412924
203,1285,-1,3.1267717
203,232,4,1.9144423
203,688,4,0.83340746
203,19,3,1.2683843
203,1305,3,0.40944418
203,58,3,3.6886833
203,1306,3,2.287331
203,602,4,0.4716788
203,122,3,3.26517
203,603,4,0.13947012
203,1307,3,1.6999081
203,604,4,0.37156236
203,1310,3,3.71181
204,1188,4,0.61842525
204,68,4,0.50190926
204,1285,-1,0.055519134
204,1355,4,0.4829513
204,655,4,0.4914027
204,307,4,0.37650138
204,1305,4,0
204,602,4,0.12729171
204,603,4,0.0
204,572,2,1.6172626
204,540,3,1.202454
204,604,4,0
204,1213,4,0.50642014
204,1311,2,1.0530971
204,63,3,1.2317601
205,1287,-1,4.192238
205,1321,2,2.8407133
205,1322,2,1.3864421
206,1338,2,6.1819625
206,1290,-1,18.325401
206,1340,3,0.5478438
206,1341,2,5.2936563
207,1338,2,2.4451754
207,1290,-1,3.9361482
207,1339,2,1.5270025
207,1340,3,0.99125034
207,1341,3,3.3094416
207,879,4,0.8387184
208,1344,3,11.080254
208,1345,3,7.115023
208,1346,3,5.36103
208,163,3,13.083208
208,1347,4,4.6824856
208,164,4,5.8809624
208,1291,-1,21.380522
209,1350,3,0.022513423
209,1351,2,0.4307332
209,487,3,2.7715075
209,1383,3,2.4142563
209,1385,3,1.0054332
209,1356,2,0.051571805
209,1228,4,1.1509929
209,1292,-1,0.15003589
209,45,4,3.3857706
209,1106,4,2.4678314
209,55,4,1.7447067
209,187,3,5.5777516
209,316,4,1.2830981
210,1171,2,7.219606
210,1172,3,12.606335
210,1173,3,4.288656
210,1030,4,1.3580095
210,1174,3,1.81094
210,1145,-1,7.3426275
210,891,3,4.333028
211,769,4,2.8381827
211,1172,2,2.7078135
211,1173,3,3.1957045
211,1174,3,2.6800919
211,1030,4,0.62443095
211,1031,4,1.4730648
211,1033,4,2.1809044
211,1145,-1,3.0680718
211,891,2,2.5972686
211,763,3,3.3941011
211,1052,4,2.3661656
211,1068,4,5.6567044
212,769,3,3.7649052
212,841,4,1.7548343
212,843,3,2.205257
212,885,3,5.1289234
212,1173,3,4.26028
212,886,3,2.8391268
212,887,3,2.3456743
212,888,2,7.7332344
212,1176,4,5.9319525
212,889,2,3.0277908
212,1177,4,7.7374697
212,1178,2,9.3928175
212,890,3,3.8727872
212,1146,-1,3.4588084
212,891,3,1.195002
213,769,3,4.824813
213,885,2,4.6552234
213,1173,3,5.04947
213,886,3,0.6979764
213,887,2,4.789301
213,888,1,5.649436
213,889,2,1.3583399
213,1177,4,1.750937
213,1178,3,2.7448027
213,890,3,3.8522747
213,1146,-1,2.744311
213,843,3,0.9170677
214,833,3,2.5779924
214,1361,3,2.6987636
214,1362,3,8.3160305
214,1363,3,0.33289853
214,1294,-1,11.243606
215,35,4,1.6927755
215,37,4,2.3222072
215,535,-1,7.020165
216,506,-1,2.360876
216,156,1,1.0488352
217,37,3,1.1717856
217,1191,-1,1.6009313
217,1258,2,1.3189703
217,1391,4,1.2881652
217,559,3,1.9840171
217,1394,2,2.1594262
217,1395,1,2.9074197
217,1107,3,2.1694348
217,1204,3,2.8822036
217,1300,3,0.85702634
217,630,3,1.4841989
217,666,1,2.6096928
217,667,1,2.5876024
217,668,3,0.8015922
217,1213,3,2.3377779
217,670,3,1.6923121
218,101,1,2.7728107
218,1191,-1,0.751758
218,1258,4,1.2634931
218,559,3,1.997698
218,1104,3,1.5807276
218,1393,1,2.7465072
218,1107,3,1.4257419
218,1204,3,2.4931893
218,1300,3,0.7996695
218,630,3,1.177868
218,662,3,2.1951797
218,24,1,1.1694927
218,666,3,2.2705257
218,667,3,1.7950892
218,93,3,1.4324402
218,1213,3,2.0636275
219,1191,-1,1.2090762
219,1258,2,0.78649354
219,1198,3,0.76284057
219,1391,1,0.6617917
219,559,3,0.32598108
219,1394,2,0.78218615
219,1395,2,0.6689141
219,1107,3,0.8507895
219,1204,3,0.5266013
219,1300,3,1.8533151
219,1078,3,1.8305941
219,630,3,0.6235461
219,662,3,0.59855026
219,1080,3,0.7012363
219,1081,3,1.2367581
219,666,2,0.99655575
219,667,2,1.2214046
219,1213,3,1.1603112
219,1214,3,0.9041315
220,292,3,4.868861
220,1382,3,1.85827
220,1383,2,1.4404773
220,1384,3,2.775015
220,1385,2,1.5077978
220,1386,4,3.1322415
220,458,4,4.2206993
220,459,3,2.6398764
220,111,4,1.9181708
220,241,3,1.8169289
220,977,4,4.195008
220,1365,3,3.2082918
220,150,3,1.3488964
220,1366,3,2.1353562
220,376,3,2.2499511
220,1370,4,1.3666403
220,155,3,2.9431498
220,62,3,1.1652706
220,1182,-1,3.110134
220,479,4,2.2477758
221,292,3,2.2225935
221,1382,3,2.419353
221,1383,2,0.47347736
221,1384,4,1.5049491
221,1385,2,0.64881694
221,458,3,3.2360554
221,1386,4,4.8565793
221,459,3,1.0349376
221,461,3,1.0229208
221,111,3,0.9460888
221,241,4,1.1364595
221,1365,3,1.2598792
221,1366,3,4.797223
221,150,3,0.11142875
221,1370,4,1.9869969
221,155,2,1.6429719
221,62,3,3.3582802
221,1182,-1,2.5534008
221,479,3,0.3838272
222,400,3,3.1174996
222,1392,4,0.5956705
222,419,3,4.7680745
222,1396,-1,2.4983225
222,1397,3,0.97775185
222,1398,4,1.8159064
222,1399,4,4.213943
222,1400,3,3.362366
222,1387,3,1.8533493
222,412,4,1.6075693
223,400,3,5.6718936
223,1392,3,2.4295928
223,1396,-1,3.2108104
223,1398,3,4.7035294
223,1387,3,5.0743904
224,656,3,4.1620407
224,1313,3,5.221587
224,1316,4,4.6078134
224,1317,3,1.3781404
224,1157,3,3.1864805
224,1318,3,2.8496757
224,1286,-1,6.1161904
224,1319,3,2.2986047
224,1274,3,2.3260605
225,448,3,0.8579071
225,1280,3,1.6936772
225,449,3,0.2573665
225,1304,2,0.039641194
225,1305,2,0.5062816
225,923,3,1.1927474
225,924,3,1.0205271
225,1309,3,0.10584298
225,161,4,0.32521665
225,1377,4,0.01699352
225,225,3,4.599896
225,1378,3,0.8352154
225,1379,2,0.0
225,1380,4,6.8881903
225,1124,3,3.0147786
225,1188,-1,9.733378
225,293,3,1.2498244
225,421,4,1.4018297
225,1381,3,1.2107087
225,1062,3,1.2798778
225,40,3,1.1262555
225,433,3,0.90038884
225,1074,3,0.8082405
225,1075,3,0.7862422
225,1213,3,0.38306695
