1,66,3,6.844668
1,195,4,13.260478
1,12,3,20.582672
1,13,4,24.736153
1,14,4,19.302711
1,142,4,3.7075214
1,462,4,1.2749
1,15,4,1.3160853
1,858,3,10.751399
1,859,2,6.4916735
1,29,2,10.207187
1,30,3,2.765636
1,31,2,1.2514203
1,95,3,5.250395
1,37,3,3.228012
1,102,3,8.582338
1,486,-1,27.072706
1,875,2,14.340232
1,876,3,10.289914
1,879,3,5.427401
1,880,3,12.31887
1,497,3,5.936804
1,51,3,20.344528
1,52,4,9.925468
1,184,2,27.95089
1,56,3,8.903429
1,57,2,8.988373
1,185,3,3.069822
1,378,2,7.478157
2,643,3,4.9075704
2,390,3,10.416067
2,391,3,9.315989
2,202,3,11.5099745
2,12,1,40.113995
2,14,4,25.516325
2,15,2,6.4143014
2,658,3,13.632074
2,856,3,8.804428
2,857,3,6.511405
2,858,2,5.087049
2,859,2,5.2061663
2,285,3,10.383353
2,864,3,6.715312
2,102,3,9.789266
2,486,-1,15.816143
2,746,1,28.65296
2,877,3,5.4355416
2,497,3,10.993953
2,51,3,21.131916
2,52,4,13.779063
2,948,2,10.7351055
2,184,2,16.499609
2,442,4,8.527392
2,380,4,9.0236845
3,144,3,24.494001
3,5,3,26.440765
3,181,3,23.850883
3,485,-1,20.157621
3,6,3,5.8172684
3,119,3,12.181942
3,90,3,13.953094
3,91,3,13.335732
3,399,3,29.5209
4,166,3,52.597607
4,488,-1,37.588024
4,236,3,28.967493
5,1296,1,16.90579
5,401,3,13.516606
5,1297,3,10.145131
5,552,1,14.067644
5,488,-1,12.9133835
6,257,3,20.224424
6,258,3,6.9112797
6,99,2,12.115034
6,115,3,11.878134
6,491,-1,21.98505
7,19,4,20.372345
7,20,2,15.02329
7,56,3,59.717216
7,57,3,56.807606
7,58,3,41.482292
7,492,-1,87.718765
8,48,1,17.928759
8,354,1,14.912977
8,20,3,9.11515
8,196,3,14.775557
8,197,3,17.659029
8,999,3,13.173055
8,360,1,11.206187
8,1112,3,10.619357
8,122,1,33.08471
8,58,3,16.28569
8,492,-1,24.065962
8,1005,1,14.037657
9,21,2,12.865192
9,22,2,7.477053
9,550,2,7.9596744
9,534,-1,1.3785535
10,259,2,13.617472
10,1011,3,13.674802
10,436,3,10.311762
10,405,2,17.706547
10,437,3,11.552912
10,438,3,11.374601
10,998,3,12.613725
10,493,-1,37.540104
10,302,3,27.495323
11,160,4,16.857307
11,20,4,14.480589
11,262,3,28.350117
11,263,3,15.958325
11,27,3,21.863361
11,28,3,24.412329
11,654,4,26.86264
11,495,-1,41.049503
12,624,-1,39.92652
12,194,2,7.3862576
12,86,2,13.466691
12,649,4,20.537403
12,650,2,17.574682
12,652,2,10.842618
13,64,2,5.1325655
13,496,-1,31.747396
13,65,4,3.7345004
13,311,4,5.0983214
13,265,2,5.22733
14,64,1,22.072615
14,496,-1,2.2511334
14,65,4,12.447998
15,497,-1,1.192969
15,462,3,20.060602
15,463,1,15.612446
16,498,-1,40.386684
16,196,3,16.507107
16,266,2,22.788492
16,106,3,28.842716
17,498,-1,28.50973
17,196,3,24.003628
17,106,2,30.858286
18,498,-1,28.536032
18,196,2,22.78492
18,197,2,29.51014
18,198,2,8.085089
19,32,2,9.218413
19,67,2,7.8281035
19,1379,4,20.253685
19,499,-1,9.564404
19,164,2,18.971184
19,715,3,12.987482
19,716,3,22.489994
19,717,3,14.691166
19,639,3,10.841581
19,719,4,7.5746517
20,500,-1,50.602913
20,87,3,25.558903
20,407,3,15.970748
20,88,3,34.260918
20,104,3,15.653858
20,408,3,13.673033
20,267,3,18.606426
20,268,3,34.443962
20,269,3,17.511192
20,270,3,31.039507
21,16,2,14.136286
21,502,-1,38.070625
21,413,2,18.8855
21,414,3,8.755038
21,271,1,19.194946
22,68,1,13.018424
22,502,-1,12.0148735
23,704,2,4.7394238
23,705,2,2.7294238
23,899,3,10.712785
23,900,1,3.5010657
23,901,2,3.2893672
23,902,1,20.718489
23,903,3,12.247882
23,199,4,8.123556
23,200,2,3.3445787
23,201,2,1.2965096
23,1289,2,13.68801
23,1290,3,10.373824
23,593,3,4.346324
23,594,4,5.0282993
23,597,2,7.0503817
23,917,3,12.004195
23,1109,2,10.913883
23,919,3,8.20021
23,1112,2,8.080958
23,601,2,4.278735
23,544,2,3.9704394
23,1256,2,3.1542208
23,1259,2,11.295051
23,749,3,4.9774966
23,1197,2,6.634987
23,687,2,2.8223057
23,1333,4,3.1619644
23,1141,2,1.2763689
23,1272,2,5.2899084
23,634,2,11.153302
23,698,2,12.802692
23,700,2,7.954058
23,892,-1,17.467453
24,756,-1,23.931423
24,92,3,9.680387
24,46,2,22.00672
24,47,2,16.485579
25,212,3,27.496325
25,276,3,10.156324
25,213,2,23.298471
25,277,3,28.315111
25,214,3,24.562634
25,215,3,29.790207
25,216,3,27.961142
25,426,3,21.455088
25,427,3,15.132687
25,511,-1,27.847857
26,145,1,38.70298
26,611,1,40.48101
26,1076,2,28.924065
26,565,2,24.640087
26,406,2,25.242966
26,376,2,24.309834
26,511,-1,13.3688545
27,224,2,17.526506
27,512,-1,19.855484
27,278,3,11.452754
27,428,3,26.665295
28,224,3,4.92275
28,512,-1,2.4586034
28,279,3,2.4932919
29,464,4,31.801903
29,609,2,12.342603
29,225,3,24.122889
29,465,4,36.94315
29,513,-1,30.57729
29,514,2,32.483887
29,466,4,18.780891
29,612,2,33.893272
29,793,3,14.757561
29,250,2,26.428621
30,464,2,13.874192
30,225,2,11.252159
30,609,3,3.432606
30,513,-1,16.409273
30,514,2,10.486685
30,466,3,15.107375
30,612,3,9.579231
30,793,4,5.2515955
31,776,4,6.7750263
31,751,-1,29.316177
32,752,-1,34.94465
32,465,2,9.785543
32,247,4,15.257226
32,249,3,7.323592
32,777,3,10.045572
32,778,3,4.5993786
32,250,4,15.321812
33,516,-1,62.051487
33,252,3,39.769268
33,141,4,39.508965
33,431,3,45.31798
34,672,3,16.328444
34,800,3,17.10591
34,516,-1,24.97493
34,714,3,13.235383
34,252,1,16.342339
34,431,3,19.766022
34,799,3,23.401531
35,132,3,11.362461
35,517,-1,1.6012778
35,166,1,10.819622
35,167,1,4.2014785
36,518,-1,17.615246
36,168,3,17.688684
36,169,2,6.3521957
37,97,3,10.654186
37,242,3,9.247012
37,487,3,11.169328
37,519,-1,10.805515
37,121,3,12.304256
37,409,3,12.699425
37,187,3,5.4944644
37,188,2,14.516344
37,172,3,2.5546386
37,173,2,11.862263
38,272,3,16.818415
38,24,2,12.004286
38,552,2,12.422121
38,536,-1,21.495039
38,553,2,12.844151
38,554,2,6.061092
38,283,2,5.471126
38,555,2,8.106543
38,556,2,15.837898
38,557,4,6.9384255
38,558,4,12.212883
39,418,3,9.06193
39,552,2,5.388482
39,1257,3,15.598168
39,554,2,1.2071846
39,555,1,2.9309387
39,556,2,3.2212205
39,557,4,1.2071846
39,79,3,9.183255
39,207,3,14.165249
39,272,1,13.6995125
39,24,2,11.080841
39,536,-1,8.350668
39,505,3,8.498938
39,283,2,1.2965096
40,552,2,8.273144
40,553,2,2.3371096
40,554,2,1.2071846
40,555,2,1.2368745
40,556,2,6.9482965
40,557,4,4.3080244
40,558,4,5.707232
40,272,3,10.340875
40,976,3,9.088551
40,85,3,6.67214
40,24,2,8.287391
40,536,-1,18.709118
40,283,2,1.2965096
41,288,1,24.863522
41,289,1,40.746647
41,433,2,35.746937
41,520,-1,26.523922
42,467,3,34.08041
42,468,2,37.776722
42,469,3,36.17944
42,470,3,20.171932
42,775,4,16.042665
42,521,-1,57.187836
43,467,1,27.741203
43,468,1,20.339108
43,469,1,24.322382
43,39,3,22.584684
43,503,3,23.098505
43,775,3,10.546188
43,521,-1,21.864326
44,436,3,6.310745
44,437,4,6.0536222
44,524,-1,6.0641007
44,302,3,6.6502895
45,481,3,16.139023
45,1185,3,17.076427
45,1226,4,6.9763646
45,1355,4,11.535272
45,525,-1,24.512669
45,305,2,25.713057
45,338,3,12.776615
45,308,3,11.946892
45,629,3,9.997435
45,663,3,10.552841
45,570,2,13.359992
45,572,3,16.375805
45,798,3,9.048226
46,481,3,20.341923
46,1185,4,20.767874
46,1226,4,13.007264
46,1355,4,16.36917
46,525,-1,24.922571
46,623,3,23.311493
46,305,2,27.94776
46,338,3,16.113176
46,84,4,24.157402
46,629,4,16.90788
46,663,4,14.934109
46,344,3,23.392502
46,570,3,15.657301
46,123,4,25.147947
46,572,4,23.58226
46,798,3,11.384872
47,1185,3,9.247548
47,1355,3,16.37035
47,525,-1,31.669783
47,304,2,27.02377
47,305,3,25.149307
47,306,2,14.427177
47,307,2,27.670748
47,308,4,19.139246
47,629,3,15.032152
47,309,2,17.28047
47,310,2,25.760464
47,663,3,22.25604
47,570,2,23.55982
47,572,2,19.686281
47,798,3,6.637053
48,439,2,14.364851
48,311,3,5.6610737
48,440,3,27.620808
48,265,4,1.494651
48,314,4,1.8018665
48,794,4,8.025576
48,187,4,5.903293
48,315,4,12.5225315
48,316,3,5.685469
48,797,3,25.065683
48,798,3,13.224555
48,526,-1,29.109348
49,320,3,33.118263
49,478,4,22.793264
49,527,-1,41.21003
50,528,-1,24.511805
50,306,4,15.399914
50,629,2,22.477512
50,21,4,14.458975
50,326,2,27.82346
50,22,4,18.969336
50,94,4,18.852186
51,192,3,26.186438
51,528,-1,30.250332
51,629,2,23.601566
51,261,4,29.571115
51,326,4,29.936348
51,23,2,26.145447
51,105,2,22.0745
51,381,2,13.630698
51,94,1,27.965164
51,494,2,42.424538
51,63,4,16.997328
52,528,-1,21.496653
52,306,2,27.863007
52,21,2,24.260675
52,22,2,21.174013
52,326,4,21.210339
53,448,4,29.061357
53,208,4,51.29278
53,33,3,28.984962
53,449,4,22.915638
53,531,-1,37.731438
53,296,3,34.190422
53,297,4,27.624012
53,298,4,32.59311
53,299,4,20.738985
53,446,4,20.584242
53,447,4,31.107336
54,560,3,28.570522
54,84,2,41.05557
54,628,4,25.529783
54,101,3,28.782589
54,661,4,24.083336
54,294,3,28.54073
54,24,3,24.44063
54,123,-1,52.339703
54,364,3,36.269894
54,365,3,35.492676
55,16,2,24.9969
55,562,2,27.731024
55,502,3,10.898462
55,375,2,18.660767
55,376,4,28.746857
55,377,4,31.00877
55,378,3,16.247995
55,538,-1,17.892681
55,460,2,33.399788
55,255,3,22.472494
55,271,3,7.9422383
56,705,4,8.640455
56,753,-1,45.634712
56,643,4,12.028011
56,1339,3,23.117882
56,779,4,2.8705072
56,379,4,18.910448
56,380,2,12.284535
56,780,4,11.738748
56,749,3,15.827813
56,14,4,30.251965
56,686,4,17.720617
57,704,4,18.180717
57,705,4,14.374573
57,746,3,10.195805
57,779,4,7.636945
57,780,4,9.1073
57,12,4,5.3309593
57,14,4,16.282248
57,15,4,11.011173
57,593,3,14.535958
57,753,-1,32.07356
57,914,3,12.001225
57,857,4,15.825812
57,379,4,17.455814
57,859,4,11.142454
57,380,2,21.166876
58,784,4,21.987698
58,785,3,32.456398
58,786,3,21.462004
58,754,-1,46.39044
58,787,3,21.264387
58,788,2,36.35449
58,789,4,27.703934
58,23,4,22.945509
58,381,4,16.896347
58,382,4,13.207857
59,785,3,15.847799
59,786,3,16.808712
59,754,-1,14.521057
59,787,3,1.5090697
59,788,2,12.199754
60,320,4,39.624176
60,322,-1,45.88092
60,475,2,13.935905
60,476,3,31.785036
60,478,4,25.241331
60,527,3,50.19283
61,564,3,28.110458
61,565,2,20.647118
61,661,4,12.205382
61,566,2,28.21989
61,1159,3,10.154519
61,539,-1,29.063137
62,566,1,26.939184
62,1078,3,24.035282
62,567,2,26.81644
62,1081,3,35.727627
62,539,-1,24.191914
62,1084,2,14.664458
63,564,3,7.5430617
63,566,3,7.836275
63,567,1,6.8663273
63,539,-1,2.653237
64,627,-1,19.181637
64,390,1,24.422915
64,391,2,18.507694
65,128,2,15.477603
65,384,3,4.6097555
65,2,2,25.319746
65,418,4,11.928525
65,3,2,32.06377
65,323,3,9.774206
65,324,3,18.153048
65,4,3,25.924711
65,388,-1,34.620018
65,393,3,26.75621
65,394,3,13.806839
65,659,3,16.986717
65,180,3,26.395582
65,629,2,22.531555
65,1302,3,19.032162
65,664,2,27.912838
66,659,3,26.865435
66,180,3,20.705381
66,660,3,25.111423
66,388,-1,22.747604
66,629,2,32.377712
66,664,2,24.760868
67,128,1,22.193121
67,2,1,29.614706
67,3,1,26.098421
67,323,3,9.833265
67,324,3,20.899738
67,4,3,26.128462
67,388,-1,25.26047
67,389,3,23.068064
67,393,3,27.141214
67,394,3,12.576362
67,659,3,21.80402
67,180,1,26.52695
67,629,2,22.868935
67,1302,3,20.804165
67,664,2,26.086077
68,628,-1,42.445377
68,101,3,12.621432
68,661,3,18.307962
68,662,2,22.29686
68,460,3,7.128144
68,62,3,15.068147
69,336,4,9.582747
69,977,3,14.796009
69,458,2,17.929308
69,570,2,14.528298
69,540,-1,21.526781
69,62,3,16.281271
70,977,3,13.399733
70,307,3,12.207067
70,101,3,6.122979
70,565,3,13.909159
70,568,2,5.597142
70,24,4,11.3633375
70,570,2,14.528298
70,283,3,7.1654086
70,540,-1,22.72306
70,333,1,9.722108
70,62,2,18.151554
71,101,3,6.0903234
71,569,1,12.23365
71,571,1,6.4405913
71,1355,2,1.5118284
71,572,1,15.97127
71,540,-1,16.636644
71,1213,3,7.07915
71,798,4,7.639801
71,655,3,7.3568306
72,128,4,10.9536085
72,323,4,9.913231
72,324,2,6.699852
72,388,4,3.9846997
72,494,3,8.033474
72,655,4,2.8824983
72,304,3,10.803711
72,305,4,6.4536734
72,21,2,3.2813685
72,309,4,13.597226
72,629,-1,3.6039574
72,630,2,22.073246
72,663,4,18.245573
72,664,3,3.4672365
72,570,3,10.63654
72,571,4,14.673187
72,94,3,13.475844
72,62,4,12.02582
73,160,3,27.868534
73,577,4,30.986973
73,578,2,8.528098
73,68,3,9.873714
73,1252,3,21.1993
73,421,3,18.849375
73,1355,4,10.543846
73,332,2,54.323067
73,1198,4,15.905971
73,655,4,15.411657
73,401,2,33.174046
73,625,2,36.70744
73,1304,3,17.052284
73,25,4,22.12434
73,571,3,8.533538
73,572,2,25.04141
73,573,3,29.28192
73,317,4,14.543741
73,1213,3,18.364027
73,541,-1,47.302082
73,574,3,26.156063
74,576,2,35.906532
74,656,2,20.91227
74,578,4,11.574224
74,317,4,23.023577
74,541,-1,22.022392
74,574,4,25.525085
74,575,3,22.314173
75,324,3,29.942942
75,630,-1,28.677328
75,378,3,17.899649
75,666,3,19.662472
75,667,2,23.920948
75,670,3,20.615606
76,324,3,9.8594
76,630,-1,33.973625
76,329,3,26.763794
76,378,2,8.498831
76,666,3,33.332127
76,667,2,35.49694
76,670,3,21.076962
76,1391,3,26.813316
77,630,-1,35.061295
77,329,4,47.288963
77,666,3,24.058947
77,667,3,36.8922
77,668,2,30.281591
77,670,3,20.704288
77,1391,4,31.225689
78,588,2,30.96057
78,589,3,37.879494
78,590,3,26.071272
78,543,-1,33.10046
79,688,4,17.130753
79,544,-1,29.209158
79,708,4,16.649672
79,597,3,27.04517
79,598,3,6.490177
79,713,4,10.466472
80,544,-1,29.87017
80,594,1,10.177984
80,596,3,7.477961
80,597,1,10.448958
80,598,3,8.298354
81,672,1,27.60416
81,631,-1,28.159899
81,799,4,28.94427
82,676,2,35.58759
82,677,2,44.2567
82,678,3,39.1193
82,679,3,27.790483
82,632,-1,25.840097
82,205,3,18.091476
83,680,2,19.16889
83,681,2,8.908271
83,633,-1,19.68458
83,682,2,13.81838
83,683,2,13.734152
84,608,3,13.846318
84,354,4,16.517574
84,962,3,20.347054
84,546,-1,21.904932
84,406,2,21.991215
84,294,3,32.103764
84,1192,3,21.488365
84,873,4,24.559046
84,522,4,29.657381
84,1213,3,21.913551
84,606,2,21.119534
84,142,3,29.66222
85,608,1,18.244324
85,546,-1,16.724083
85,406,2,14.092792
85,710,3,24.697428
85,606,3,9.674122
86,594,3,29.27158
86,755,-1,55.314835
86,790,3,39.373108
87,609,4,10.190209
87,562,3,18.840895
87,50,4,16.461676
87,611,2,12.078805
87,547,-1,31.190138
87,612,4,15.758289
87,406,4,16.10692
87,236,4,15.133898
87,606,2,13.159439
88,548,-1,60.77528
88,613,2,51.212353
88,614,2,40.19353
88,615,2,35.077473
88,616,3,44.050453
88,617,3,49.657604
88,618,4,31.92974
89,420,4,28.173372
89,757,-1,43.298557
89,793,2,38.320232
89,794,2,31.16152
89,795,4,18.629236
89,796,4,27.84615
89,797,3,36.78937
90,800,4,4.4685287
90,256,2,10.842775
90,291,3,13.997406
90,1187,4,21.149801
90,335,3,9.414593
90,1364,3,13.535801
90,757,-1,12.253813
90,311,3,16.165861
90,1367,4,8.971238
90,793,3,11.674949
90,794,2,12.393274
90,796,3,4.46343
90,797,2,11.501925
90,798,2,16.32316
91,800,3,14.1617985
91,672,4,13.954619
91,801,2,11.406211
91,1154,3,12.361308
91,757,-1,7.5792317
91,793,4,3.322219
91,794,4,4.9911113
91,252,2,20.360464
91,797,3,12.331342
91,799,3,19.51215
92,802,2,17.339125
92,803,2,15.820694
92,804,4,39.614613
92,805,4,30.008615
92,806,4,43.41371
92,807,4,44.66468
92,808,3,33.881046
92,809,3,37.15779
92,810,4,43.051773
92,811,3,41.261726
92,758,-1,47.297325
92,1243,4,33.226112
92,253,3,26.575848
92,1247,3,43.749886
93,691,3,36.799664
93,635,-1,55.459263
94,354,4,21.09276
94,101,4,30.73168
94,294,3,23.446505
94,1161,4,30.849047
94,559,3,27.535204
94,1104,4,30.98822
94,689,4,23.312304
94,1393,3,36.540462
94,690,4,14.160617
94,1395,4,19.663519
94,24,1,24.952904
94,283,3,33.26001
94,635,-1,20.638735
95,662,4,24.353857
95,283,1,20.297047
95,635,-1,23.741991
96,704,3,21.53764
96,705,3,24.217377
96,706,4,7.790139
96,1289,3,21.094362
96,779,3,21.93319
96,792,4,11.666161
96,698,4,24.42066
96,699,4,26.665152
96,1339,4,27.066505
96,700,4,19.12456
96,701,4,16.756203
96,637,-1,31.191132
96,702,4,10.99374
96,703,3,2.6294336
97,1289,4,20.608961
97,681,3,10.859847
97,698,4,7.563884
97,699,3,9.817325
97,779,3,25.361238
97,1339,4,14.350019
97,700,3,7.643033
97,701,3,16.534245
97,637,-1,12.06325
97,702,3,9.237851
97,703,3,6.2684627
98,708,4,7.20014
98,709,4,10.520191
98,711,4,11.176888
98,712,4,22.647068
98,713,2,3.0112276
98,638,-1,40.813496
99,1379,3,19.074896
99,1001,3,3.7428975
99,717,2,32.84708
99,719,2,27.324015
99,639,-1,35.963192
100,1121,3,15.459929
100,1122,2,45.458782
100,820,3,15.523945
100,821,2,9.595792
100,822,2,44.792442
100,823,3,23.830372
100,824,2,19.13786
100,760,-1,43.555817
100,825,3,23.50099
100,1051,3,39.7029
101,817,2,38.27785
101,818,2,30.64812
101,819,2,42.640068
101,820,3,37.906178
101,824,2,20.607101
101,760,-1,35.370995
101,825,3,34.39793
102,913,2,11.63043
102,728,1,8.452845
102,729,-1,14.4957485
102,910,3,17.575071
102,911,4,1.2514634
103,761,-1,25.276043
103,826,3,15.839633
103,828,3,6.6392374
104,833,3,17.175766
104,834,3,12.35909
104,835,3,23.38904
104,836,3,21.085335
104,837,3,28.607939
104,762,-1,42.283615
105,848,3,52.910862
105,844,4,18.09603
105,764,-1,52.873375
105,845,4,15.681112
105,846,4,23.110367
105,847,4,34.10309
106,849,3,0
106,844,4,10.084563
106,764,-1,12.256732
106,845,4,6.89145
106,846,3,10.057701
106,847,2,9.809964
107,720,4,24.219065
107,640,-1,51.76447
107,725,2,37.20588
107,728,2,18.429255
107,729,3,27.77042
107,75,4,17.711039
107,909,4,34.39888
107,911,3,31.223658
108,720,4,25.91175
108,640,-1,18.38091
108,723,4,17.610527
108,724,2,22.842724
108,726,2,21.316072
108,727,2,20.209576
108,75,3,30.057325
108,909,3,17.684546
109,980,3,1.1656077
109,860,1,7.8924227
109,12,3,1.2492206
109,861,1,4.732527
109,606,3,10.012422
109,766,-1,8.002954
110,1174,4,16.177864
110,862,1,12.419266
110,766,-1,18.609045
110,863,1,13.353323
110,31,3,16.594421
111,864,2,12.582841
111,914,3,12.224465
111,658,3,25.17287
111,627,3,23.89744
111,391,2,17.551085
111,392,3,17.489483
111,894,-1,36.025455
111,15,2,20.083591
112,641,-1,61.916096
112,730,4,48.732616
112,731,3,31.415724
113,643,-1,7.6258097
113,265,3,18.306568
113,746,3,14.046593
113,748,3,23.952778
113,749,3,8.169074
114,916,2,44.75342
114,919,1,40.726654
114,920,3,19.73389
114,921,3,36.22874
114,895,-1,63.07376
115,51,2,19.585558
115,184,-1,25.095932
115,185,2,22.459892
115,874,4,13.08088
115,878,3,22.275442
116,896,-1,15.461711
116,360,3,18.497667
116,922,1,16.56869
116,492,4,12.436719
116,605,3,33.244534
116,927,3,24.247683
117,896,-1,17.250288
117,360,2,23.066542
117,605,3,22.578472
118,896,-1,11.074575
118,923,2,32.79955
118,924,3,33.55826
118,925,3,18.528343
119,897,-1,32.29949
119,926,4,37.13864
120,769,-1,54.580494
120,885,3,31.290375
120,886,3,32.669575
120,887,2,45.1095
120,888,3,28.647839
120,889,4,28.646757
120,890,2,39.903362
120,1146,2,31.452028
120,891,3,29.33302
120,829,2,12.705141
121,769,-1,30.730385
121,885,1,17.375887
121,886,1,16.668257
121,887,1,28.963154
121,888,1,26.774862
121,1146,2,26.395842
121,890,1,26.55581
121,891,1,19.422369
122,898,-1,28.201061
122,931,4,19.771389
122,932,2,10.586751
122,934,4,25.008694
122,935,4,18.84896
122,936,2,16.25405
122,937,2,16.542276
122,938,2,18.696747
122,1131,3,15.7450485
122,957,3,19.567005
123,966,2,17.617754
123,967,3,15.238963
123,941,-1,18.076443
124,964,3,19.28344
124,965,3,10.195812
124,967,2,25.601614
124,968,2,13.238898
124,941,-1,50.549366
125,992,3,9.485483
125,994,3,9.724363
125,995,3,0
125,997,2,16.31603
125,969,2,7.466258
125,970,2,13.255882
125,971,2,9.687863
125,972,2,6.4219584
125,973,3,7.744893
125,173,3,13.148587
125,974,4,3.1620889
125,174,2,11.047321
125,942,-1,2.9499228
125,176,3,12.149437
125,177,4,9.597201
125,946,3,8.453808
125,409,3,11.472555
125,187,3,7.8488374
126,969,3,5.87484
126,970,3,5.5119114
126,187,3,1.2722456
126,971,3,1.3456794
126,972,3,1.3201622
126,973,3,1.5916555
126,974,2,28.396757
126,1326,2,28.536142
126,942,-1,7.3162956
127,944,-1,25.218716
127,164,2,25.72202
127,101,2,23.653297
127,981,3,27.637428
127,982,4,18.014696
127,983,4,17.545097
128,945,-1,42.752716
128,985,3,13.295861
128,990,3,9.161455
129,945,-1,36.529118
129,984,3,13.844198
129,985,2,25.251972
129,986,4,14.917029
129,987,2,27.633247
129,988,3,28.458284
129,989,3,29.46597
129,990,3,15.173159
130,1008,3,30.882145
130,948,-1,41.13955
130,858,3,25.839237
130,859,3,46.962776
130,12,3,9.130264
130,766,2,31.986315
131,1012,4,22.421936
131,1013,3,17.787361
131,1014,2,26.09141
131,950,-1,46.00937
131,1016,3,13.967313
131,1017,3,23.822132
131,1018,3,18.18805
131,1019,3,28.19804
131,1020,2,18.408869
132,1024,4,11.600473
132,1025,3,10.877098
132,1026,3,13.124445
132,1012,4,11.841852
132,1013,3,13.571126
132,1014,1,12.173384
132,950,-1,15.069381
132,1015,3,12.746432
132,951,3,11.9104805
132,1016,3,10.483661
132,952,4,10.072647
132,1017,3,14.897554
132,1018,4,11.23514
132,1019,4,9.627984
132,1020,4,12.691994
132,1023,3,12.52925
133,1024,3,11.600473
133,1012,4,11.841852
133,950,-1,14.772438
133,1016,4,12.800395
133,1018,2,11.23514
133,1019,2,12.364066
133,1020,1,12.691994
133,1022,4,11.336289
134,1027,2,23.681374
134,1028,3,29.866243
134,951,-1,33.19831
135,1024,4,24.506157
135,1025,4,23.157274
135,1026,4,25.831774
135,950,4,25.41734
135,951,-1,25.151691
135,1016,4,24.569633
135,1017,4,23.117355
135,1018,1,24.21592
135,1023,4,22.95791
136,951,-1,26.343346
136,1034,4,23.053535
136,1021,1,26.475233
136,1022,4,13.822426
137,1029,2,22.903706
137,951,3,29.414465
137,952,-1,86.34752
137,1034,3,49.472755
137,1021,3,39.4449
138,953,-1,25.856112
138,1036,1,14.581007
138,846,1,29.71663
139,1031,2,16.43288
139,1032,2,14.6752615
139,953,-1,29.58585
139,1035,2,19.034042
139,1037,4,15.928836
140,1041,2,11.048639
140,1042,2,8.205259
140,1043,4,7.164169
140,1044,4,3.9697971
140,954,-1,35.01247
140,1038,1,24.38456
140,1039,1,8.818424
141,1041,1,14.542452
141,1042,3,6.867894
141,1043,2,20.615906
141,1044,2,14.212344
141,954,-1,14.854418
141,1038,1,21.650858
141,1039,3,12.230427
142,1042,1,3.5480485
142,954,-1,21.544909
143,1043,1,24.9716
143,1044,1,18.051785
143,954,-1,22.98813
144,1045,2,37.644127
144,838,3,35.496227
144,839,3,43.046173
144,840,2,33.15037
144,841,3,20.58781
144,763,3,40.57352
144,955,-1,42.65563
145,852,4,13.964324
145,1045,3,31.308884
145,838,2,28.744305
145,839,2,35.71965
145,743,3,14.619826
145,841,2,10.267579
145,763,2,26.039564
145,955,-1,24.51723
146,1045,3,41.1407
146,840,1,29.155994
146,955,-1,41.005787
147,1046,3,12.942003
147,822,4,12.267541
147,1047,4,14.941402
147,1048,3,12.003631
147,889,3,23.293686
147,1049,4,30.216692
147,1050,3,48.632473
147,1051,4,15.063633
147,843,3,23.250027
147,956,-1,54.701668
147,926,4,5.0846825
148,1046,3,11.0355015
148,1048,2,27.339355
148,889,2,11.813286
148,1049,3,11.509544
148,1050,2,21.453823
148,843,3,11.166889
148,956,-1,27.943058
149,1057,3,8.800033
149,1058,3,15.338501
149,930,3,23.563147
149,1059,3,17.47318
149,931,3,16.93595
149,934,3,14.702306
149,936,3,12.426213
149,937,3,16.427652
149,938,3,11.507586
149,1131,3,15.601183
149,1052,4,10.550133
149,957,-1,11.417101
150,1074,3,34.400715
150,1075,3,35.51572
150,1062,-1,36.46249
151,1074,3,17.61502
151,1075,4,18.367464
151,1076,2,13.994819
151,1077,4,11.859922
151,1062,-1,17.083092
151,687,2,13.795946
152,1076,1,22.489288
152,1077,3,7.5352573
152,1062,-1,21.03237
152,569,3,19.159454
152,572,3,15.520889
152,687,4,11.788984
152,655,3,17.807785
153,1078,3,12.852112
153,1063,-1,30.909143
153,1080,4,6.0397205
153,1081,4,20.50751
153,1082,4,22.279604
153,1083,3,1.220324
153,1084,3,5.953572
153,1085,3,19.555964
154,1088,3,41.74891
154,1063,-1,16.618885
154,1087,2,16.432453
155,1104,3,4.9725895
155,983,3,2.707458
155,1065,-1,14.452141
155,1099,4,10.235353
155,1100,2,10.613121
155,1101,3,17.64041
155,1103,1,2.803999
156,1096,3,23.56168
156,1097,2,24.029465
156,553,2,23.71762
156,1065,-1,22.153358
156,1098,3,19.933733
156,1099,3,17.007532
156,1100,2,16.839754
156,1101,3,9.443775
156,1102,1,2.41742
156,1103,4,7.884262
156,1104,1,7.6593876
156,274,2,12.920381
156,82,3,15.412098
156,982,4,6.024242
156,983,1,4.01238
157,456,2,39.437122
157,1355,4,14.726098
157,655,3,15.43143
157,273,2,21.429512
157,1105,2,24.293692
157,657,3,28.180979
157,1106,2,17.074528
157,1107,2,18.182524
157,19,3,16.337618
157,215,3,8.020927
157,1304,3,15.952628
157,25,2,33.929955
157,666,4,22.065159
157,410,2,20.33491
157,1307,3,11.1893635
157,93,3,19.888685
157,605,3,16.825813
157,160,3,40.75649
157,161,3,29.252853
157,354,3,21.020708
157,482,3,21.112705
157,35,3,20.708323
157,36,3,23.722034
157,421,3,23.204094
157,423,3,29.26516
157,556,2,36.448418
157,44,3,27.475237
157,557,3,25.947088
157,302,3,12.973781
157,1006,-1,43.447803
157,369,3,32.872692
157,689,3,27.46133
157,626,2,33.812553
157,370,3,27.749966
157,1011,3,18.948435
157,372,2,28.19976
157,122,4,26.43436
157,572,3,22.583876
157,318,3,32.605797
157,1151,2,26.909895
158,1009,3,10.042569
158,273,4,4.108061
158,1010,3,12.379378
158,1011,1,11.185386
158,998,3,8.342947
158,552,2,17.317019
158,556,4,3.7136507
158,302,1,19.687258
158,1006,-1,2.6350746
159,1108,3,15.884749
159,1110,3,10.302595
159,1111,3,16.14814
159,231,3,15.316076
159,1112,3,28.699013
159,234,3,16.75271
159,1114,4,11.95811
159,1066,-1,47.00319
159,1115,4,20.04073
160,1136,4,26.874403
160,1137,3,27.395445
160,1138,3,21.012232
160,1134,3,52.41513
160,1135,4,23.308891
160,1071,-1,64.47818
161,336,3,21.295319
161,562,3,30.295269
161,996,4,21.450748
161,54,2,51.933495
161,55,4,41.75042
161,489,-1,32.094875
161,1386,2,55.887764
162,562,3,32.59075
162,54,3,33.778885
162,489,-1,32.55591
162,458,1,23.757889
162,155,1,19.521618
162,459,1,25.200565
162,460,2,37.181606
162,461,2,31.3133
162,111,1,22.571291
163,20,3,19.304924
163,56,3,39.206272
163,57,3,37.11479
163,492,-1,45.95895
164,416,3,17.937239
164,1364,3,14.700413
164,311,2,24.236631
164,1367,3,9.965186
164,503,-1,16.701082
164,316,4,16.699158
164,798,3,17.119526
164,415,3,18.418034
164,335,4,11.826592
165,71,1,27.072151
165,72,1,25.281822
165,504,-1,35.57106
166,272,2,15.233834
166,1264,2,17.751644
166,418,2,12.138554
166,40,2,14.486712
166,504,-1,37.15867
166,41,2,12.288071
166,74,2,15.501826
166,170,2,21.604336
166,207,2,23.201519
167,274,2,27.063555
167,82,3,25.550491
167,509,-1,17.267387
168,774,1,18.148233
168,217,1,33.71728
168,750,-1,44.284897
169,118,1,41.05373
169,774,1,17.882437
169,775,1,17.314476
169,157,1,41.749043
169,750,-1,43.167603
170,672,3,13.159281
170,904,3,38.794018
170,906,3,18.988243
170,139,2,37.87489
170,893,-1,28.959032
170,238,2,31.116673
170,239,3,31.160522
171,516,-1,57.909073
171,252,1,42.142555
171,141,4,37.518414
171,431,1,54.841415
172,320,1,32.810493
172,321,1,30.456923
172,322,3,30.890026
172,476,3,25.25357
172,527,-1,31.592577
173,451,1,32.13788
173,532,-1,25.837126
173,367,1,33.886444
174,482,1,6.061859
174,36,2,9.133722
174,533,-1,16.822683
174,423,4,3.5480516
174,58,1,9.6663685
174,411,1,15.162672
175,964,3,6.196751
175,965,3,10.930999
175,966,2,4.2051725
175,967,2,3.172043
175,941,-1,22.513493
175,351,2,15.382304
176,978,4,9.053717
176,582,1,10.912858
176,982,1,9.463219
176,583,1,7.0349903
176,584,3,13.4045725
176,585,3,7.5321684
176,586,1,18.671896
176,542,-1,28.068708
177,592,3,12.472848
177,772,3,15.77226
177,588,2,26.457565
177,589,2,24.572361
177,590,4,24.398209
177,543,-1,27.134226
178,588,4,13.220783
178,589,4,18.732723
178,590,3,14.568509
178,591,1,18.313112
178,543,-1,15.609109
179,680,3,49.070847
179,681,3,28.26005
179,633,-1,67.35617
179,682,3,51.812943
179,683,3,31.930555
180,548,-1,34.70992
180,616,4,25.0961
180,617,4,21.895926
180,619,3,5.33319
180,620,3,7.5175986
180,621,3,10.8200035
180,622,2,22.038368
180,1150,4,12.957577
181,997,3,16.895578
181,1061,3,7.990913
181,409,2,12.481141
181,973,2,7.744893
181,974,2,3.722116
181,942,-1,1.2670264
182,634,-1,74.280075
182,685,1,71.108406
182,686,3,31.49166
183,802,2,2.595513
183,803,1,6.2258835
183,804,4,16.385962
183,805,4,7.260854
183,806,4,14.4426365
183,807,3,19.54118
183,808,1,18.830336
183,809,1,23.06659
183,810,4,10.924095
183,811,3,21.368093
183,758,-1,19.93009
183,1243,4,15.637702
183,253,3,11.550044
183,1247,4,13.303259
184,32,3,0
184,67,3,11.586183
184,499,3,0
184,1379,3,12.589057
184,715,3,7.641671
184,716,3,8.460993
184,717,4,14.721064
184,639,-1,7.352658
185,1008,3,14.990061
185,948,-1,15.083838
185,856,3,23.236528
185,857,2,21.69895
185,858,2,16.907946
185,859,2,14.118511
185,285,4,11.438302
185,894,4,12.648311
185,766,2,17.08901
185,15,4,12.290871
186,1280,3,9.198881
186,161,4,1.8756
186,1377,4,8.454636
186,225,3,9.530485
186,1378,3,0
186,1379,4,1.5183178
186,1380,4,9.182511
186,1188,-1,8.741585
186,421,4,2.932373
186,1062,3,21.058216
186,1074,3,17.665913
186,1075,3,16.693794
186,1304,3,6.1691217
186,1305,3,6.9067154
186,923,3,16.695498
186,924,3,14.890547
186,1309,3,7.400354
187,1045,3,10.627048
187,838,3,22.983482
187,839,3,38.831875
187,743,4,27.278954
187,840,3,7.842024
187,842,3,10.844518
187,763,-1,47.886284
188,640,-1,34.9728
188,721,2,19.067093
188,722,2,33.621986
188,723,2,14.528828
188,724,4,18.82883
188,725,2,34.897717
188,726,4,11.067373
188,728,2,14.652485
188,729,2,22.728445
188,75,3,11.466337
188,909,3,19.566303
188,911,2,22.734535
189,865,3,24.25772
189,866,2,18.011375
189,867,4,21.719875
189,868,3,22.856915
189,869,2,24.56695
189,870,3,27.36585
189,872,3,11.812303
189,873,3,13.161854
189,395,2,18.07932
189,767,-1,37.875786
190,864,3,16.594677
190,390,3,42.992477
190,391,1,28.853916
190,285,2,18.802551
190,894,-1,24.374598
190,15,1,37.19726
191,864,3,13.7708435
191,390,4,16.696888
191,391,3,17.7414
191,15,3,22.597038
191,1008,4,16.234304
191,914,1,17.162716
191,658,3,22.761631
191,915,1,6.6736097
191,948,3,20.55201
191,856,3,18.586391
191,857,2,20.0386
191,858,2,18.206017
191,285,2,15.313684
191,894,-1,26.26553
192,736,1,1.4650185
192,641,-1,24.440668
192,733,1,9.541882
192,734,1,13.490445
192,735,1,16.604961
193,1392,3,14.731377
193,736,4,12.939625
193,641,-1,18.62307
193,422,3,16.776472
193,648,3,11.592059
193,730,3,19.859467
193,731,4,3.5509796
193,733,4,22.07247
193,734,4,17.171993
193,735,4,15.280634
194,642,-1,55.9263
194,739,2,41.61276
194,740,2,42.536583
194,741,4,36.116417
194,742,2,29.436913
194,743,2,34.267746
194,744,3,50.211536
195,642,-1,46.97843
195,739,3,43.300926
195,742,3,23.535662
195,743,3,28.507023
196,874,2,15.6558075
196,202,3,13.624796
196,746,3,26.58668
196,875,2,26.277456
196,12,4,17.141323
196,876,2,14.578278
196,13,3,22.576864
196,878,3,10.512773
196,879,3,6.0141916
196,880,3,10.060792
196,51,2,23.073307
196,184,-1,31.599737
196,185,2,12.548632
197,768,-1,18.37559
197,881,2,23.063728
197,883,3,12.287492
197,884,3,22.342438
198,769,-1,23.886003
198,887,2,25.941563
198,888,2,13.853062
198,889,2,33.51291
198,843,3,28.243057
199,1056,2,5.1171083
199,1060,2,0
199,743,2,0
199,744,2,15.157393
199,1052,1,7.594061
199,1053,1,10.629836
199,957,-1,6.1602583
199,1054,2,15.093375
199,1055,2,15.205844
200,1137,2,27.504728
200,1138,2,11.134988
200,1134,2,33.445415
200,1071,-1,32.071644
201,160,4,13.512439
201,482,4,14.356551
201,423,4,16.207708
201,552,2,16.858429
201,110,4,11.135448
201,1391,4,25.819794
201,1295,3,20.11341
201,1296,2,28.40137
201,625,2,43.307156
201,401,3,28.783201
201,369,4,15.090626
201,1140,-1,9.851379
201,1304,4,9.687201
201,93,3,13.225572
201,541,3,21.793922
201,318,3,22.55163
201,1151,3,19.90878
202,1285,-1,36.883514
202,232,4,24.694483
202,48,4,8.180046
202,1110,2,6.9641438
202,1303,2,17.00006
202,1304,2,16.30333
202,1305,4,18.158888
202,1306,3,16.25578
202,602,4,12.049732
202,603,4,16.443123
202,1308,3,3.923237
202,604,4,9.955256
202,1309,2,12.617639
202,605,3,17.789812
202,1310,4,37.336315
203,323,4,3.795474
203,1188,4,6.7454042
203,1285,-1,18.261219
203,232,4,14.498614
203,688,4,10.065009
203,19,3,13.142462
203,1305,3,4.13047
203,58,3,17.341244
203,1306,3,16.028206
203,602,4,9.600764
203,122,3,20.855112
203,603,4,6.6960144
203,1307,3,11.529892
203,604,4,6.353886
203,1310,3,20.862047
204,1188,4,6.725511
204,68,4,5.031695
204,1285,-1,1.8890321
204,1355,4,4.5862274
204,655,4,4.8453865
204,307,4,4.4828606
204,1305,4,0
204,602,4,3.6930382
204,603,4,1.5358309
204,572,2,8.525669
204,540,3,6.183483
204,604,4,0
204,1213,4,2.8670382
204,1311,2,8.560179
204,63,3,4.892834
205,1287,-1,17.85838
205,1321,2,15.332489
205,1322,2,11.219961
206,1338,2,33.956642
206,1290,-1,66.98403
206,1340,3,11.102451
206,1341,2,27.895971
207,1338,2,13.725783
207,1290,-1,18.54063
207,1339,2,9.234519
207,1340,3,7.785388
207,1341,3,15.192273
207,879,4,6.752382
208,1344,3,47.962124
208,1345,3,42.900177
208,1346,3,35.59104
208,163,3,62.75564
208,1347,4,34.190094
208,164,4,40.5803
208,1291,-1,80.57478
209,1350,3,6.1762257
209,1351,2,9.63655
209,487,3,22.52521
209,1383,3,20.762646
209,1385,3,14.292317
209,1356,2,8.07145
209,1228,4,14.515314
209,1292,-1,6.742779
209,45,4,23.87894
209,1106,4,16.293491
209,55,4,18.068874
209,187,3,29.356659
209,316,4,14.089223
210,1171,2,34.27821
210,1172,3,51.726864
210,1173,3,31.323742
210,1030,4,16.497133
210,1174,3,17.449448
210,1145,-1,38.53028
210,891,3,27.180761
211,769,4,20.143703
211,1172,2,20.127512
211,1173,3,24.732552
211,1174,3,19.05528
211,1030,4,9.754735
211,1031,4,14.987332
211,1033,4,14.8227005
211,1145,-1,23.018848
211,891,2,19.052864
211,763,3,23.17781
211,1052,4,14.34635
211,1068,4,28.810125
212,769,3,20.362028
212,841,4,11.909778
212,843,3,15.25343
212,885,3,23.610437
212,1173,3,21.700735
212,886,3,17.061623
212,887,3,16.014511
212,888,2,33.456196
212,1176,4,27.385178
212,889,2,16.600685
212,1177,4,39.34102
212,1178,2,37.726555
212,890,3,21.168034
212,1146,-1,23.1826
212,891,3,10.961161
213,769,3,30.71325
213,885,2,31.271944
213,1173,3,33.00025
213,886,3,11.814304
213,887,2,30.170008
213,888,1,31.114943
213,889,2,18.839138
213,1177,4,20.979029
213,1178,3,22.668364
213,890,3,25.308592
213,1146,-1,21.74731
213,843,3,18.375063
214,833,3,15.943296
214,1361,3,16.012072
214,1362,3,36.26433
214,1363,3,9.059761
214,1294,-1,46.053734
215,35,4,25.23188
215,37,4,28.135368
215,535,-1,45.446247
216,506,-1,22.672697
216,156,1,11.891782
217,37,3,15.343722
217,1191,-1,19.930202
217,1258,2,15.339024
217,1391,4,16.575432
217,559,3,16.515165
217,1394,2,20.691837
217,1395,1,19.851286
217,1107,3,19.082914
217,1204,3,23.370518
217,1300,3,14.393946
217,630,3,12.416283
217,666,1,26.086653
217,667,1,19.329275
217,668,3,10.247395
217,1213,3,20.813953
217,670,3,20.128613
218,101,1,22.080791
218,1191,-1,13.383124
218,1258,4,14.52793
218,559,3,19.041433
218,1104,3,19.585676
218,1393,1,23.204638
218,1107,3,14.571784
218,1204,3,21.09433
218,1300,3,14.717256
218,630,3,13.189058
218,662,3,19.423758
218,24,1,15.35903
218,666,3,22.45228
218,667,3,18.110613
218,93,3,14.1993
218,1213,3,18.854836
219,1191,-1,13.384253
219,1258,2,10.501333
219,1198,3,13.064805
219,1391,1,10.945848
219,559,3,8.300192
219,1394,2,11.070237
219,1395,2,11.103414
219,1107,3,10.843281
219,1204,3,12.280557
219,1300,3,17.627983
219,1078,3,14.28075
219,630,3,10.559656
219,662,3,11.436365
219,1080,3,10.401421
219,1081,3,13.554863
219,666,2,14.002317
219,667,2,15.987089
219,1213,3,15.422187
219,1214,3,12.194975
220,292,3,27.693605
220,1382,3,15.754005
220,1383,2,12.216625
220,1384,3,19.2402
220,1385,2,16.033712
220,1386,4,20.814117
220,458,4,28.39679
220,459,3,17.472815
220,111,4,17.571041
220,241,3,19.484404
220,977,4,22.129608
220,1365,3,20.772251
220,150,3,13.413905
220,1366,3,15.998332
220,376,3,18.582745
220,1370,4,14.808826
220,155,3,19.44989
220,62,3,11.822551
220,1182,-1,21.446587
220,479,4,16.1371
221,292,3,18.337002
221,1382,3,16.961363
221,1383,2,8.231576
221,1384,4,12.571144
221,1385,2,10.41376
221,458,3,24.576756
221,1386,4,24.459469
221,459,3,12.504018
221,461,3,12.02425
221,111,3,11.494395
221,241,4,12.903541
221,1365,3,11.19663
221,1366,3,23.75619
221,150,3,5.5122766
221,1370,4,17.832085
221,155,2,15.475562
221,62,3,19.71939
221,1182,-1,19.959969
221,479,3,8.066633
222,400,3,17.769026
222,1392,4,8.879947
222,419,3,22.761845
222,1396,-1,15.45677
222,1397,3,7.2723975
222,1398,4,10.858825
222,1399,4,22.509647
222,1400,3,17.63905
222,1387,3,10.918039
222,412,4,10.882035
223,400,3,27.437222
223,1392,3,16.43985
223,1396,-1,18.180437
223,1398,3,23.085318
223,1387,3,23.693708
224,656,3,31.669628
224,1313,3,33.099724
224,1316,4,31.207357
224,1317,3,19.947384
224,1157,3,29.4445
224,1318,3,27.719269
224,1286,-1,38.797684
224,1319,3,26.489473
224,1274,3,26.662783
225,448,3,6.9504747
225,1280,3,15.360291
225,449,3,4.04914
225,1304,2,4.1591787
225,1305,2,7.9100184
225,923,3,10.805208
225,924,3,8.952968
225,1309,3,2.956872
225,161,4,4.7583904
225,1377,4,1.2781947
225,225,3,23.01196
225,1378,3,8.756744
225,1379,2,1.2177445
225,1380,4,30.573366
225,1124,3,18.794102
225,1188,-1,37.506573
225,293,3,9.217217
225,421,4,9.625427
225,1381,3,8.692698
225,1062,3,11.670293
225,40,3,12.243642
225,433,3,7.4724793
225,1074,3,12.772678
225,1075,3,8.0074415
225,1213,3,8.244738
