1,66,3,1.722433
1,195,4,1.997092
1,12,3,5.036785
1,13,4,7.248352
1,14,4,4.166959
1,142,4,0.2301452
1,462,4,0.013928304
1,15,4,0.030487789
1,858,3,2.1589546
1,859,2,1.6864579
1,29,2,1.6860498
1,30,3,0.029900145
1,31,2,0.002268171
1,95,3,0.32522482
1,37,3,0.24964795
1,102,3,1.4817308
1,486,-1,7.434748
1,875,2,3.3930945
1,876,3,1.6916564
1,879,3,0.7117441
1,880,3,1.9748302
1,497,3,1.1205602
1,51,3,4.786474
1,52,4,1.5318178
1,184,2,6.774025
1,56,3,1.9710382
1,57,2,1.9461379
1,185,3,0.19269305
1,378,2,0.91821986
2,643,3,8.14379E-4
2,390,3,1.6499299
2,391,3,0.4695543
2,202,3,1.5090599
2,12,1,8.714166
2,14,4,4.5272026
2,15,2,0.059389718
2,658,3,1.5178035
2,856,3,1.0238302
2,857,3,0.10476992
2,858,2,0.01747139
2,859,2,0.10824337
2,285,3,1.0147799
2,864,3,0.11449048
2,102,3,1.0708796
2,486,-1,2.2104836
2,746,1,5.4822745
2,877,3,0.08440611
2,497,3,1.1464573
2,51,3,4.758294
2,52,4,1.6660087
2,948,2,0.8330322
2,184,2,3.3914552
2,442,4,0.76715267
2,380,4,0.31771377
3,144,3,7.339476
3,5,3,6.8582616
3,181,3,4.9865627
3,485,-1,4.2617946
3,6,3,0.49396062
3,119,3,2.1942854
3,90,3,3.3074167
3,91,3,3.083005
3,399,3,7.6638365
4,166,3,12.931041
4,488,-1,8.97164
4,236,3,5.3551564
5,1296,1,4.2157836
5,401,3,2.9269898
5,1297,3,1.9133365
5,552,1,2.6746502
5,488,-1,2.1690874
6,257,3,3.6573236
6,258,3,0.5878906
6,99,2,1.3340427
6,115,3,1.074768
6,491,-1,4.454948
7,19,4,1.3488044
7,20,2,0.2090531
7,56,3,10.971852
7,57,3,10.600776
7,58,3,4.6232414
7,492,-1,19.009787
8,48,1,2.7495706
8,354,1,2.350895
8,20,3,0.72067857
8,196,3,1.6019325
8,197,3,2.7880971
8,999,3,2.414087
8,360,1,1.1128461
8,1112,3,1.3585731
8,122,1,6.168592
8,58,3,2.1644356
8,492,-1,4.0204034
8,1005,1,1.7086574
9,21,2,1.846685
9,22,2,0.6010711
9,550,2,0.8824805
9,534,-1,0.0026724525
10,259,2,1.604886
10,1011,3,1.1668139
10,436,3,1.446156
10,405,2,2.928803
10,437,3,0.8712262
10,438,3,0.51177883
10,998,3,1.4837239
10,493,-1,10.058803
10,302,3,5.3177032
11,160,4,2.3347642
11,20,4,2.2392626
11,262,3,5.0274086
11,263,3,1.879395
11,27,3,3.1033902
11,28,3,3.788256
11,654,4,4.8295507
11,495,-1,7.9241576
12,624,-1,10.159166
12,194,2,0.57979405
12,86,2,2.0790827
12,649,4,5.3438954
12,650,2,2.361501
12,652,2,1.6075628
13,64,2,0.029697336
13,496,-1,8.780502
13,65,4,0.04029518
13,311,4,0.03317468
13,265,2,0.059630804
14,64,1,5.3942494
14,496,-1,0.08689241
14,65,4,2.343151
15,497,-1,0.0
15,462,3,6.702794
15,463,1,3.7426984
16,498,-1,9.1635275
16,196,3,1.6679432
16,266,2,2.9499533
16,106,3,4.7260923
17,498,-1,4.735528
17,196,3,2.060257
17,106,2,4.7354703
18,498,-1,3.8132627
18,196,2,2.7494292
18,197,2,5.091138
18,198,2,0.06282496
19,32,2,0.2617735
19,67,2,0.12899245
19,1379,4,2.9724786
19,499,-1,0.48217818
19,164,2,3.2062721
19,715,3,0.90683657
19,716,3,3.2838254
19,717,3,1.4112403
19,639,3,0.21165346
19,719,4,0.063548766
20,500,-1,12.284765
20,87,3,4.788283
20,407,3,2.65451
20,88,3,7.107767
20,104,3,2.7712355
20,408,3,1.904134
20,267,3,3.4976952
20,268,3,6.9375052
20,269,3,2.6841493
20,270,3,6.3682704
21,16,2,2.6468189
21,502,-1,6.739065
21,413,2,2.983064
21,414,3,0.31807676
21,271,1,3.8717906
22,68,1,0.5438342
22,502,-1,0.122713216
23,704,2,0.24645777
23,705,2,0.037740607
23,899,3,1.9799474
23,900,1,0.22190696
23,901,2,0.17679226
23,902,1,4.649938
23,903,3,2.1952565
23,199,4,1.1871188
23,200,2,0.17648771
23,201,2,0.023972886
23,1289,2,2.0106177
23,1290,3,1.3421378
23,593,3,0.15472022
23,594,4,0.24094191
23,597,2,0.38433197
23,917,3,1.4689114
23,1109,2,2.5583382
23,919,3,1.5707169
23,1112,2,1.4332117
23,601,2,0.12604441
23,544,2,0.39100814
23,1256,2,0.18538854
23,1259,2,2.1944673
23,749,3,0.3730594
23,1197,2,1.3744081
23,687,2,0.059693087
23,1333,4,0.28658882
23,1141,2,0.0102125965
23,1272,2,0.8229429
23,634,2,2.3226106
23,698,2,2.1429684
23,700,2,1.317479
23,892,-1,3.5878437
24,756,-1,6.738375
24,92,3,0.59408927
24,46,2,5.310159
24,47,2,4.005794
25,212,3,5.198763
25,276,3,0.33272186
25,213,2,3.6614826
25,277,3,6.51522
25,214,3,4.2642674
25,215,3,6.3263006
25,216,3,6.5431213
25,426,3,3.7262032
25,427,3,1.1792694
25,511,-1,4.937844
26,145,1,4.3032403
26,611,1,5.095278
26,1076,2,3.141563
26,565,2,1.9930114
26,406,2,1.5937133
26,376,2,2.040912
26,511,-1,0.31615707
27,224,2,3.171507
27,512,-1,4.01266
27,278,3,1.0158294
27,428,3,4.66279
28,224,3,0.22368458
28,512,-1,0.0
28,279,3,0.0
29,464,4,5.347352
29,609,2,1.5488781
29,225,3,4.394926
29,465,4,6.8724008
29,513,-1,4.170957
29,514,2,4.7215915
29,466,4,1.8248749
29,612,2,6.0668163
29,793,3,1.3587586
29,250,2,4.46057
30,464,2,2.2129204
30,225,2,1.5922976
30,609,3,0.21837111
30,513,-1,2.7850995
30,514,2,1.5467764
30,466,3,3.6513538
30,612,3,1.1376576
30,793,4,0.34132853
31,776,4,0.12791844
31,751,-1,6.141463
32,752,-1,7.3268867
32,465,2,0.9686136
32,247,4,1.7419448
32,249,3,0.25325155
32,777,3,1.3573124
32,778,3,0.243587
32,250,4,1.4872297
33,516,-1,12.683557
33,252,3,9.599716
33,141,4,6.5252724
33,431,3,8.800762
34,672,3,2.6392999
34,800,3,2.292078
34,516,-1,4.470562
34,714,3,2.0692217
34,252,1,3.798947
34,431,3,4.1157565
34,799,3,4.7122164
35,132,3,2.249985
35,517,-1,0.10527934
35,166,1,3.279827
35,167,1,0.15636842
36,518,-1,2.8418784
36,168,3,3.0891266
36,169,2,0.26106945
37,97,3,1.058758
37,242,3,1.3200457
37,487,3,1.8363442
37,519,-1,2.3577127
37,121,3,1.5284728
37,409,3,2.1012588
37,187,3,0.40808415
37,188,2,2.8935008
37,172,3,0.03667042
37,173,2,2.5912228
38,272,3,2.8747008
38,24,2,1.8412342
38,552,2,1.9279625
38,536,-1,3.7465155
38,553,2,1.5815315
38,554,2,0.21152782
38,283,2,0.15114038
38,555,2,0.37256357
38,556,2,2.2257755
38,557,4,0.40853542
38,558,4,1.6068889
39,418,3,1.5450867
39,552,2,1.2945658
39,1257,3,4.59115
39,554,2,0.0
39,555,1,0.008299602
39,556,2,0.17993872
39,557,4,0.0
39,79,3,1.6028622
39,207,3,3.262586
39,272,1,3.362955
39,24,2,1.3385878
39,536,-1,1.5057935
39,505,3,1.1816895
39,283,2,0.023972886
40,552,2,1.6286161
40,553,2,0.15393384
40,554,2,0.0
40,555,2,0.0
40,556,2,0.8314313
40,557,4,0.36335635
40,558,4,0.8060076
40,272,3,2.4491198
40,976,3,1.3494326
40,85,3,0.8100072
40,24,2,0.86131465
40,536,-1,4.6368012
40,283,2,0.023972886
41,288,1,4.780629
41,289,1,10.29332
41,433,2,9.198341
41,520,-1,4.3191853
42,467,3,4.7707133
42,468,2,5.9285035
42,469,3,5.0180078
42,470,3,1.5938375
42,775,4,0.8872341
42,521,-1,10.686115
43,467,1,4.8748174
43,468,1,3.098923
43,469,1,4.0835867
43,39,3,3.772973
43,503,3,2.8072703
43,775,3,0.7770107
43,521,-1,3.1463416
44,436,3,0.012005782
44,437,4,0.060735505
44,524,-1,0.012005782
44,302,3,0.10601379
45,481,3,1.6863701
45,1185,3,3.053969
45,1226,4,0.46031836
45,1355,4,0.8438988
45,525,-1,4.2496753
45,305,2,5.0327973
45,338,3,2.0233474
45,308,3,1.6470066
45,629,3,0.6876832
45,663,3,1.0698905
45,570,2,1.1445603
45,572,3,1.6935496
45,798,3,1.0715435
46,481,3,1.7589504
46,1185,4,3.38673
46,1226,4,1.160457
46,1355,4,1.0309849
46,525,-1,3.586272
46,623,3,3.5384064
46,305,2,4.1415997
46,338,3,2.1053684
46,84,4,2.892998
46,629,4,1.0098033
46,663,4,1.3801963
46,344,3,3.1434667
46,570,3,0.9529421
46,123,4,3.508329
46,572,4,2.5091982
46,798,3,1.0462179
47,1185,3,0.904813
47,1355,3,2.5325317
47,525,-1,5.958503
47,304,2,5.0425024
47,305,3,4.1542134
47,306,2,1.4168942
47,307,2,3.8864877
47,308,4,3.108038
47,629,3,1.2442771
47,309,2,2.4095423
47,310,2,4.332474
47,663,3,2.7874808
47,570,2,2.8374972
47,572,2,2.5580146
47,798,3,0.10163411
48,439,2,2.920152
48,311,3,0.91371024
48,440,3,6.5364103
48,265,4,0.0090043945
48,314,4,0.12467767
48,794,4,1.1838722
48,187,4,0.4397049
48,315,4,2.0238833
48,316,3,0.83643997
48,797,3,7.2395005
48,798,3,3.6160421
48,526,-1,7.323709
49,320,3,4.9003687
49,478,4,3.1678348
49,527,-1,7.2477336
50,528,-1,2.2080724
50,306,4,0.41253564
50,629,2,1.8692561
50,21,4,0.44947127
50,326,2,2.4898622
50,22,4,0.7971526
50,94,4,0.6786281
51,192,3,3.3473306
51,528,-1,4.1996827
51,629,2,2.6922774
51,261,4,4.522879
51,326,4,3.6786115
51,23,2,3.4314547
51,105,2,2.6178174
51,381,2,0.66262597
51,94,1,5.288173
51,494,2,8.17152
51,63,4,1.0289072
52,528,-1,2.9787593
52,306,2,4.0546756
52,21,2,3.1244397
52,22,2,2.7792733
52,326,4,2.9357708
53,448,4,4.0305014
53,208,4,11.595862
53,33,3,3.91122
53,449,4,1.8257773
53,531,-1,5.945397
53,296,3,5.0298905
53,297,4,3.509465
53,298,4,4.8599763
53,299,4,1.4570012
53,446,4,2.157399
53,447,4,4.8108134
54,560,3,3.021685
54,84,2,7.1382837
54,628,4,1.7859501
54,101,3,3.4543939
54,661,4,2.426467
54,294,3,2.9561396
54,24,3,2.0933523
54,123,-1,10.433785
54,364,3,5.3205323
54,365,3,4.358742
55,16,2,3.4170272
55,562,2,3.7221422
55,502,3,0.2238082
55,375,2,2.3984675
55,376,4,4.378501
55,377,4,4.0000167
55,378,3,1.3283794
55,538,-1,1.8412197
55,460,2,5.9091163
55,255,3,3.0263145
55,271,3,0.47602516
56,705,4,0.6535327
56,753,-1,11.732111
56,643,4,1.474455
56,1339,3,3.418038
56,779,4,0.2306379
56,379,4,3.1336513
56,380,2,2.0710912
56,780,4,1.4467105
56,749,3,2.4051561
56,14,4,6.4672256
56,686,4,3.738189
57,704,4,3.0866816
57,705,4,1.2341521
57,746,3,0.4635439
57,779,4,0.46105722
57,780,4,0.8822596
57,12,4,0.14162785
57,14,4,1.9453436
57,15,4,1.2982142
57,593,3,1.6911658
57,753,-1,7.774054
57,914,3,1.188469
57,857,4,2.387936
57,379,4,2.1394722
57,859,4,1.5012562
57,380,2,3.2143974
58,784,4,2.2588143
58,785,3,5.688416
58,786,3,2.9180644
58,754,-1,9.211397
58,787,3,2.8790016
58,788,2,7.3250575
58,789,4,3.6136453
58,23,4,1.838826
58,381,4,1.5212824
58,382,4,0.7457756
59,785,3,2.1741266
59,786,3,3.1782656
59,754,-1,2.577516
59,787,3,0.108573414
59,788,2,1.5518414
60,320,4,6.099076
60,322,-1,7.0936146
60,475,2,0.83413225
60,476,3,6.1823454
60,478,4,3.1565647
60,527,3,8.274923
61,564,3,6.45
61,565,2,3.6550584
61,661,4,1.3863788
61,566,2,6.130604
61,1159,3,0.87835705
61,539,-1,5.390269
62,566,1,2.5359154
62,1078,3,1.9401944
62,567,2,2.44685
62,1081,3,5.275425
62,539,-1,1.7734704
62,1084,2,0.21326797
63,564,3,0.78815687
63,566,3,0.77684736
63,567,1,0.37874848
63,539,-1,0.011785687
64,627,-1,1.979176
64,390,1,5.05746
64,391,2,2.1638188
65,128,2,0.46084815
65,384,3,0.0
65,2,2,3.4601548
65,418,4,1.2430254
65,3,2,3.1007314
65,323,3,0.11702098
65,324,3,1.1237079
65,4,3,2.9873
65,388,-1,5.245493
65,393,3,3.0771017
65,394,3,0.3976729
65,659,3,1.6126505
65,180,3,3.0007184
65,629,2,1.8969089
65,1302,3,1.8112872
65,664,2,3.1674807
66,659,3,2.7047162
66,180,3,1.6473601
66,660,3,2.6472845
66,388,-1,2.244908
66,629,2,4.1802826
66,664,2,3.2475893
67,128,1,3.3931327
67,2,1,3.9428532
67,3,1,2.3843026
67,323,3,0.11702098
67,324,3,1.3803544
67,4,3,3.0275004
67,388,-1,3.2384713
67,389,3,2.6925097
67,393,3,3.0982938
67,394,3,0.38069832
67,659,3,2.2085364
67,180,1,3.010206
67,629,2,2.0099084
67,1302,3,1.8903582
67,664,2,3.0726125
68,628,-1,11.353137
68,101,3,1.4127779
68,661,3,4.515361
68,662,2,6.3817716
68,460,3,0.22950283
68,62,3,2.9098897
69,336,4,0.7730675
69,977,3,1.6633881
69,458,2,2.6092272
69,570,2,1.6757613
69,540,-1,3.2678545
69,62,3,2.5155442
70,977,3,1.6095237
70,307,3,0.9313455
70,101,3,0.06776227
70,565,3,1.8965933
70,568,2,0.22992621
70,24,4,1.6114855
70,570,2,1.6757613
70,283,3,1.1820226
70,540,-1,4.2601
70,333,1,0.9504825
70,62,2,3.194722
71,101,3,0.52308434
71,569,1,1.6975005
71,571,1,0.60264915
71,1355,2,0.049688455
71,572,1,2.8780997
71,540,-1,3.2932467
71,1213,3,0.8361407
71,798,4,2.3718991
71,655,3,0.8621414
72,128,4,1.1340582
72,323,4,1.2262862
72,324,2,0.6966833
72,388,4,0.34676132
72,494,3,1.1944268
72,655,4,0.05399571
72,304,3,0.64018583
72,305,4,1.3502429
72,21,2,0.11138209
72,309,4,1.6325296
72,629,-1,0.21527243
72,630,2,2.529464
72,663,4,2.3964825
72,664,3,0.19046654
72,570,3,0.80613434
72,571,4,2.230176
72,94,3,0.87328786
72,62,4,0.5356234
73,160,3,4.645512
73,577,4,4.7744517
73,578,2,0.6288145
73,68,3,0.57194674
73,1252,3,4.4634585
73,421,3,2.8778224
73,1355,4,0.38182724
73,332,2,13.856585
73,1198,4,2.022579
73,655,4,1.1829374
73,401,2,7.7581587
73,625,2,6.493273
73,1304,3,1.2986852
73,25,4,3.1784918
73,571,3,0.18376338
73,572,2,4.0881677
73,573,3,6.062651
73,317,4,2.0044534
73,1213,3,1.9944712
73,541,-1,11.065617
73,574,3,4.3455186
74,576,2,6.292457
74,656,2,2.650299
74,578,4,0.30224437
74,317,4,3.0250337
74,541,-1,3.196998
74,574,4,2.4374776
74,575,3,2.6630452
75,324,3,5.174154
75,630,-1,4.360162
75,378,3,1.1010232
75,666,3,1.3065774
75,667,2,2.606143
75,670,3,2.1087809
76,324,3,0.100002766
76,630,-1,3.8335025
76,329,3,3.5835795
76,378,2,0.22947338
76,666,3,3.922511
76,667,2,4.3707128
76,670,3,1.7984952
76,1391,3,3.020764
77,630,-1,4.789938
77,329,4,11.912138
77,666,3,1.823715
77,667,3,6.265656
77,668,2,3.337937
77,670,3,1.9602623
77,1391,4,4.740383
78,588,2,8.513067
78,589,3,10.194114
78,590,3,5.230684
78,543,-1,7.883431
79,688,4,2.0327108
79,544,-1,4.374084
79,708,4,2.025416
79,597,3,3.5826154
79,598,3,0.5209063
79,713,4,1.1445956
80,544,-1,5.8996286
80,594,1,1.4768672
80,596,3,0.32425797
80,597,1,1.6889457
80,598,3,0.38353544
81,672,1,4.1012335
81,631,-1,5.4899015
81,799,4,5.8799133
82,676,2,8.442809
82,677,2,9.841903
82,678,3,8.75976
82,679,3,6.6466928
82,632,-1,3.0160878
82,205,3,1.8188416
83,680,2,3.0788994
83,681,2,0.32421443
83,633,-1,2.9858441
83,682,2,0.9675534
83,683,2,1.7829775
84,608,3,0.807668
84,354,4,1.0901942
84,962,3,2.5399191
84,546,-1,1.9641513
84,406,2,1.4583241
84,294,3,4.4293756
84,1192,3,2.4700782
84,873,4,2.770113
84,522,4,4.5037007
84,1213,3,2.1838484
84,606,2,1.8004866
84,142,3,2.8429358
85,608,1,1.8343627
85,546,-1,1.2499186
85,406,2,1.0992687
85,710,3,3.7109892
85,606,3,0.24815641
86,594,3,6.2050295
86,755,-1,14.947134
86,790,3,10.601988
87,609,4,0.3516558
87,562,3,1.2042432
87,50,4,0.7921013
87,611,2,0.41717154
87,547,-1,2.6781206
87,612,4,0.9497615
87,406,4,0.81354976
87,236,4,2.3091335
87,606,2,0.4274171
88,548,-1,15.382296
88,613,2,10.931234
88,614,2,7.822719
88,615,2,6.2265224
88,616,3,10.151456
88,617,3,10.259657
88,618,4,6.1566014
89,420,4,3.7450223
89,757,-1,8.281854
89,793,2,6.9924407
89,794,2,5.43598
89,795,4,1.3617127
89,796,4,4.007709
89,797,3,7.1537805
90,800,4,0.4015531
90,256,2,1.4035575
90,291,3,1.4570405
90,1187,4,3.276102
90,335,3,1.2985084
90,1364,3,1.98926
90,757,-1,2.5326843
90,311,3,2.4715886
90,1367,4,1.2957747
90,793,3,1.7003288
90,794,2,0.9195039
90,796,3,0.31977338
90,797,2,2.1239443
90,798,2,3.2435217
91,800,3,2.6293042
91,672,4,1.8325795
91,801,2,2.0900688
91,1154,3,2.4675477
91,757,-1,0.6128035
91,793,4,0.24089758
91,794,4,0.2894725
91,252,2,4.4738283
91,797,3,1.9219159
91,799,3,4.1143928
92,802,2,0.87571055
92,803,2,0.37518027
92,804,4,7.5268497
92,805,4,3.5432084
92,806,4,7.554202
92,807,4,6.6492696
92,808,3,4.637818
92,809,3,6.4720063
92,810,4,6.808625
92,811,3,6.58435
92,758,-1,9.08763
92,1243,4,3.4100573
92,253,3,1.791393
92,1247,3,6.635739
93,691,3,9.201973
93,635,-1,14.196323
94,354,4,2.0518663
94,101,4,4.8199706
94,294,3,2.6769547
94,1161,4,3.618525
94,559,3,4.0771627
94,1104,4,3.992818
94,689,4,3.2576146
94,1393,3,5.8197093
94,690,4,0.6440096
94,1395,4,2.2302856
94,24,1,3.580454
94,283,3,5.1542706
94,635,-1,2.0000556
95,662,4,5.3841734
95,283,1,3.1740394
95,635,-1,4.5061173
96,704,3,3.3649538
96,705,3,3.953485
96,706,4,0.5844165
96,1289,3,2.825724
96,779,3,4.2675567
96,792,4,1.1064986
96,698,4,4.710569
96,699,4,5.6713257
96,1339,4,4.5052404
96,700,4,2.788143
96,701,4,3.2830584
96,637,-1,5.5022607
96,702,4,1.2729225
96,703,3,0.010306077
97,1289,4,4.6928287
97,681,3,0.58222526
97,698,4,0.092668936
97,699,3,0.40640748
97,779,3,6.1675014
97,1339,4,1.5203826
97,700,3,0.077303566
97,701,3,1.9688084
97,637,-1,1.1239367
97,702,3,0.52628446
97,703,3,0.055179715
98,708,4,0.8531615
98,709,4,1.2968392
98,711,4,1.9210595
98,712,4,4.582696
98,713,2,0.12759668
98,638,-1,9.500016
99,1379,3,4.0017347
99,1001,3,0.05819068
99,717,2,5.1133294
99,719,2,5.531443
99,639,-1,7.8031945
100,1121,3,1.4142194
100,1122,2,9.80585
100,820,3,1.7549627
100,821,2,0.48027804
100,822,2,9.755567
100,823,3,4.05023
100,824,2,2.3120074
100,760,-1,8.550985
100,825,3,3.7999628
100,1051,3,7.0669856
101,817,2,9.224005
101,818,2,5.732351
101,819,2,10.258927
101,820,3,9.787523
101,824,2,3.8099055
101,760,-1,7.5262184
101,825,3,7.531608
102,913,2,2.9835396
102,728,1,2.1050446
102,729,-1,3.3198183
102,910,3,5.3978095
102,911,4,0.004552701
103,761,-1,5.271369
103,826,3,2.741331
103,828,3,0.12092274
104,833,3,3.0144045
104,834,3,0.43675235
104,835,3,2.721927
104,836,3,2.388232
104,837,3,5.4707065
104,762,-1,9.694626
105,848,3,12.0622225
105,844,4,2.5095682
105,764,-1,13.467023
105,845,4,2.2892227
105,846,4,3.9858098
105,847,4,5.597434
106,849,3,0
106,844,4,2.4041233
106,764,-1,3.1831133
106,845,4,1.094657
106,846,3,2.4041233
106,847,2,1.880518
107,720,4,1.8064648
107,640,-1,11.992185
107,725,2,6.8016825
107,728,2,1.6288655
107,729,3,2.44296
107,75,4,0.82283413
107,909,4,4.488122
107,911,3,4.0035996
108,720,4,6.4138517
108,640,-1,4.3136945
108,723,4,3.4491615
108,724,2,4.68309
108,726,2,4.0964384
108,727,2,5.2091637
108,75,3,6.661662
108,909,3,3.0712752
109,980,3,0.0
109,860,1,1.0394437
109,12,3,0.008493766
109,861,1,0.5634945
109,606,3,2.015818
109,766,-1,2.0641541
110,1174,4,1.9354411
110,862,1,1.7494376
110,766,-1,2.3780246
110,863,1,0.53839046
110,31,3,1.3847327
111,864,2,1.5354501
111,914,3,1.688659
111,658,3,4.6673827
111,627,3,3.3601165
111,391,2,2.9581776
111,392,3,3.3916347
111,894,-1,8.766602
111,15,2,2.7318974
112,641,-1,12.882355
112,730,4,9.525914
112,731,3,5.1041303
113,643,-1,1.1644437
113,265,3,3.2059493
113,746,3,1.4948353
113,748,3,4.875668
113,749,3,1.5071557
114,916,2,5.2961326
114,919,1,5.0138807
114,920,3,0.5874456
114,921,3,2.077285
114,895,-1,13.529324
115,51,2,1.7294421
115,184,-1,4.659822
115,185,2,3.2662091
115,874,4,0.6390841
115,878,3,3.37517
116,896,-1,1.1097035
116,360,3,1.4656241
116,922,1,0.6453185
116,492,4,0.51138246
116,605,3,5.880946
116,927,3,2.81912
117,896,-1,1.0601501
117,360,2,2.0291414
117,605,3,2.3843148
118,896,-1,0.6136939
118,923,2,4.9521904
118,924,3,4.9545903
118,925,3,1.2370669
119,897,-1,4.7020254
119,926,4,7.712917
120,769,-1,9.857957
120,885,3,4.669045
120,886,3,4.660739
120,887,2,8.578354
120,888,3,4.5412226
120,889,4,5.1899743
120,890,2,6.766086
120,1146,2,4.5415335
120,891,3,5.063372
120,829,2,0.4487269
121,769,-1,5.4518437
121,885,1,3.019721
121,886,1,2.524361
121,887,1,6.194247
121,888,1,5.052463
121,1146,2,4.5140934
121,890,1,5.203662
121,891,1,4.0962763
122,898,-1,4.330246
122,931,4,2.81947
122,932,2,0.38328475
122,934,4,4.065463
122,935,4,2.4923315
122,936,2,2.3265827
122,937,2,2.280631
122,938,2,2.5744808
122,1131,3,1.8356112
122,957,3,2.6229463
123,966,2,3.1269524
123,967,3,1.9592355
123,941,-1,2.3399863
124,964,3,1.2666386
124,965,3,0.34436965
124,967,2,2.380855
124,968,2,0.2922837
124,941,-1,9.069393
125,992,3,1.6762861
125,994,3,0.9386597
125,995,3,0
125,997,2,2.971867
125,969,2,0.5484282
125,970,2,1.6177528
125,971,2,1.5176665
125,972,2,1.0514371
125,973,3,1.1725125
125,173,3,1.9826446
125,974,4,0.13847129
125,174,2,1.8272045
125,942,-1,0.037401386
125,176,3,1.6729612
125,177,4,1.1223607
125,946,3,1.4788247
125,409,3,1.3996068
125,187,3,0.6754583
126,969,3,1.4828644
126,970,3,0.96260905
126,187,3,0.0
126,971,3,0.0
126,972,3,0.0
126,973,3,0.07036067
126,974,2,7.7252154
126,1326,2,7.4632616
126,942,-1,1.4366581
127,944,-1,3.4917283
127,164,2,3.2853465
127,101,2,2.2531216
127,981,3,4.014151
127,982,4,0.9071267
127,983,4,1.1737853
128,945,-1,11.014939
128,985,3,1.8145055
128,990,3,0.8953057
129,945,-1,8.51724
129,984,3,1.8848294
129,985,2,4.901598
129,986,4,2.6056035
129,987,2,6.6089582
129,988,3,7.4934688
129,989,3,8.018975
129,990,3,2.9446974
130,1008,3,3.9919407
130,948,-1,9.523817
130,858,3,4.13485
130,859,3,11.205006
130,12,3,0.15381336
130,766,2,5.885778
131,1012,4,4.062126
131,1013,3,3.4560463
131,1014,2,5.008304
131,950,-1,11.863122
131,1016,3,2.126482
131,1017,3,6.148431
131,1018,3,3.4071379
131,1019,3,5.872787
131,1020,2,3.7587187
132,1024,4,2.4594185
132,1025,3,2.1231267
132,1026,3,2.4491575
132,1012,4,2.3665416
132,1013,3,3.0795088
132,1014,1,2.0843794
132,950,-1,2.7513084
132,1015,3,2.79667
132,951,3,2.2237132
132,1016,3,1.5347039
132,952,4,1.8350565
132,1017,3,2.9300234
132,1018,4,2.0541348
132,1019,4,1.6937689
132,1020,4,2.6909854
132,1023,3,2.255275
133,1024,3,2.4594185
133,1012,4,2.3665416
133,950,-1,2.6834207
133,1016,4,1.7326722
133,1018,2,2.0541348
133,1019,2,2.1744304
133,1020,1,2.6909854
133,1022,4,1.7533022
134,1027,2,2.2313368
134,1028,3,3.9335067
134,951,-1,4.5130243
135,1024,4,4.4213014
135,1025,4,3.7756689
135,1026,4,4.477452
135,950,4,4.619165
135,951,-1,3.9778476
135,1016,4,2.9342575
135,1017,4,4.7808037
135,1018,1,3.8820112
135,1023,4,3.9087985
136,951,-1,4.426153
136,1034,4,2.9538505
136,1021,1,3.2251117
136,1022,4,1.7533022
137,1029,2,3.2659013
137,951,3,4.0978737
137,952,-1,20.519491
137,1034,3,10.294916
137,1021,3,7.592411
138,953,-1,3.648491
138,1036,1,1.1300517
138,846,1,4.7774096
139,1031,2,0.5441898
139,1032,2,1.0690022
139,953,-1,3.664409
139,1035,2,1.5065154
139,1037,4,0.78403395
140,1041,2,1.9723045
140,1042,2,1.577997
140,1043,4,0.61215633
140,1044,4,0.057327867
140,954,-1,9.9957695
140,1038,1,6.3829045
140,1039,1,1.3788319
141,1041,1,1.9265468
141,1042,3,0.7073158
141,1043,2,3.1331933
141,1044,2,2.0668573
141,954,-1,2.1095357
141,1038,1,3.14054
141,1039,3,2.1060376
142,1042,1,0.1577638
142,954,-1,6.659177
143,1043,1,3.6995416
143,1044,1,2.399171
143,954,-1,4.254879
144,1045,2,7.451314
144,838,3,6.6349616
144,839,3,10.318024
144,840,2,7.857698
144,841,3,4.1506324
144,763,3,7.7011385
144,955,-1,9.759685
145,852,4,1.1744678
145,1045,3,5.17806
145,838,2,5.423834
145,839,2,9.210546
145,743,3,1.9566774
145,841,2,1.7238414
145,763,2,5.060198
145,955,-1,4.636237
146,1045,3,8.313916
146,840,1,6.9652987
146,955,-1,10.571982
147,1046,3,1.582208
147,822,4,1.5817218
147,1047,4,1.6725377
147,1048,3,2.3510983
147,889,3,4.229837
147,1049,4,7.705234
147,1050,3,11.089205
147,1051,4,1.8799745
147,843,3,4.3577604
147,956,-1,13.506209
147,926,4,0.025966723
148,1046,3,1.7056897
148,1048,2,5.4942026
148,889,2,1.6647155
148,1049,3,2.6999183
148,1050,2,3.907224
148,843,3,1.268132
148,956,-1,5.505822
149,1057,3,1.181255
149,1058,3,2.741133
149,930,3,4.81288
149,1059,3,2.7400827
149,931,3,2.791657
149,934,3,2.8901165
149,936,3,2.3100574
149,937,3,2.5649076
149,938,3,1.6735494
149,1131,3,2.069959
149,1052,4,1.5999582
149,957,-1,1.6692961
150,1074,3,5.946184
150,1075,3,6.644327
150,1062,-1,6.1235733
151,1074,3,1.3287586
151,1075,4,1.7765471
151,1076,2,0.45944542
151,1077,4,0.5808983
151,1062,-1,1.5382674
151,687,2,0.45274168
152,1076,1,1.5531281
152,1077,3,0.0216879
152,1062,-1,1.7692146
152,569,3,1.5447564
152,572,3,0.6941958
152,687,4,0.34240147
152,655,3,1.150828
153,1078,3,2.9523644
153,1063,-1,8.49248
153,1080,4,1.3002747
153,1081,4,5.2727685
153,1082,4,6.4383492
153,1083,3,0.0
153,1084,3,0.43127847
153,1085,3,5.2685738
154,1088,3,11.793718
154,1063,-1,4.0888906
154,1087,2,4.191302
155,1104,3,0.2973677
155,983,3,0.049538765
155,1065,-1,3.1830165
155,1099,4,2.613109
155,1100,2,2.3839002
155,1101,3,4.35844
155,1103,1,0.057143364
156,1096,3,7.1091866
156,1097,2,6.7914557
156,553,2,6.2909493
156,1065,-1,5.205722
156,1098,3,5.116792
156,1099,3,4.0710826
156,1100,2,3.7684145
156,1101,3,2.397085
156,1102,1,0.0
156,1103,4,1.3434625
156,1104,1,1.1917442
156,274,2,2.6045399
156,82,3,3.8937674
156,982,4,0.89035916
156,983,1,0.05526851
157,456,2,6.6149454
157,1355,4,1.3377113
157,655,3,1.0021226
157,273,2,2.4143827
157,1105,2,2.0873926
157,657,3,2.8379867
157,1106,2,1.3407879
157,1107,2,1.2503393
157,19,3,1.597863
157,215,3,0.22348478
157,1304,3,0.72723955
157,25,2,5.4264364
157,666,4,1.8281368
157,410,2,1.8539896
157,1307,3,0.78365993
157,93,3,1.7764286
157,605,3,1.027847
157,160,3,6.128665
157,161,3,2.4380953
157,354,3,2.7032216
157,482,3,2.5663483
157,35,3,1.961239
157,36,3,1.7462814
157,421,3,2.4159672
157,423,3,4.180973
157,556,2,4.7623243
157,44,3,2.5593894
157,557,3,3.9234905
157,302,3,0.9743595
157,1006,-1,5.8920918
157,369,3,5.4041877
157,689,3,2.0278437
157,626,2,3.960402
157,370,3,3.8042362
157,1011,3,1.4139429
157,372,2,3.2534375
157,122,4,2.4779227
157,572,3,1.1834441
157,318,3,4.4310074
157,1151,2,2.8472042
158,1009,3,1.0387621
158,273,4,0.10383095
158,1010,3,1.71768
158,1011,1,1.1095806
158,998,3,0.8289568
158,552,2,2.792729
158,556,4,0.0
158,302,1,3.4723096
158,1006,-1,0.029391902
159,1108,3,1.0752364
159,1110,3,0.17243633
159,1111,3,1.3273082
159,231,3,1.3548446
159,1112,3,4.4783263
159,234,3,1.4030143
159,1114,4,0.6560083
159,1066,-1,14.300234
159,1115,4,3.4474602
160,1136,4,4.229154
160,1137,3,3.3181884
160,1138,3,2.5447426
160,1134,3,11.415526
160,1135,4,2.3888946
160,1071,-1,14.249462
161,336,3,1.5264786
161,562,3,3.513103
161,996,4,1.6335796
161,54,2,8.251757
161,55,4,4.955685
161,489,-1,2.8391714
161,1386,2,10.1718645
162,562,3,4.399743
162,54,3,4.7328324
162,489,-1,3.4854362
162,458,1,2.617526
162,155,1,2.0639277
162,459,1,2.8736198
162,460,2,5.6602917
162,461,2,4.537336
162,111,1,2.0628064
163,20,3,1.3180615
163,56,3,7.19022
163,57,3,6.663315
163,492,-1,9.690329
164,416,3,2.7047973
164,1364,3,2.0049949
164,311,2,5.1827374
164,1367,3,1.2620882
164,503,-1,3.6620545
164,316,4,3.007112
164,798,3,3.01945
164,415,3,3.6809223
164,335,4,1.2985084
165,71,1,2.9370258
165,72,1,4.2133284
165,504,-1,6.746376
166,272,2,1.4465158
166,1264,2,0.9328638
166,418,2,0.69395095
166,40,2,0.71705806
166,504,-1,6.340022
166,41,2,0.5166489
166,74,2,0.88799036
166,170,2,1.8619187
166,207,2,2.101971
167,274,2,5.5644293
167,82,3,4.725431
167,509,-1,2.2900767
168,774,1,0.42602956
168,217,1,4.9915996
168,750,-1,7.0526595
169,118,1,6.693329
169,774,1,0.7477336
169,775,1,1.626625
169,157,1,6.8990903
169,750,-1,7.0736365
170,672,3,1.169718
170,904,3,10.12721
170,906,3,3.3104975
170,139,2,6.652617
170,893,-1,6.550905
170,238,2,4.8254046
170,239,3,5.9076924
171,516,-1,10.821338
171,252,1,9.612513
171,141,4,5.5309014
171,431,1,10.059678
172,320,1,5.2703333
172,321,1,5.3757186
172,322,3,4.9392934
172,476,3,5.6109195
172,527,-1,6.0769253
173,451,1,6.0158877
173,532,-1,6.1245174
173,367,1,6.7267103
174,482,1,0.4168109
174,36,2,1.4812205
174,533,-1,3.5581005
174,423,4,0.16888858
174,58,1,2.14429
174,411,1,2.8504596
175,964,3,0.6523902
175,965,3,0.89308417
175,966,2,0.09179537
175,967,2,0.17593193
175,941,-1,4.4861765
175,351,2,2.4646392
176,978,4,1.2558933
176,582,1,1.2188565
176,982,1,1.7140778
176,583,1,0.8123653
176,584,3,2.503725
176,585,3,1.4007787
176,586,1,3.7743654
176,542,-1,8.933857
177,592,3,2.2072225
177,772,3,2.5058157
177,588,2,6.2628875
177,589,2,5.8656964
177,590,4,5.3451924
177,543,-1,5.6072803
178,588,4,3.0888827
178,589,4,3.9743927
178,590,3,2.9234252
178,591,1,3.9490693
178,543,-1,2.9745276
179,680,3,6.7815003
179,681,3,1.9424801
179,633,-1,13.647331
179,682,3,8.844212
179,683,3,2.6024797
180,548,-1,10.257411
180,616,4,6.3914037
180,617,4,4.6222906
180,619,3,1.1250525
180,620,3,1.3828986
180,621,3,1.7939444
180,622,2,5.5360856
180,1150,4,2.039077
181,997,3,3.2089307
181,1061,3,1.0306094
181,409,2,1.7599963
181,973,2,1.1725125
181,974,2,0.28623748
181,942,-1,0.0
182,634,-1,18.046183
182,685,1,17.974009
182,686,3,6.1239314
183,802,2,0.08656723
183,803,1,0.88779646
183,804,4,4.3143625
183,805,4,1.513678
183,806,4,2.698074
183,807,3,2.7974403
183,808,1,4.162071
183,809,1,4.96264
183,810,4,2.3602035
183,811,3,4.453582
183,758,-1,4.481911
183,1243,4,3.9495068
183,253,3,1.8851614
183,1247,4,3.2637522
184,32,3,0
184,67,3,3.6239672
184,499,3,0
184,1379,3,2.8994677
184,715,3,1.0452796
184,716,3,1.8397954
184,717,4,5.1767178
184,639,-1,2.4437978
185,1008,3,2.3426785
185,948,-1,3.7149932
185,856,3,6.1406083
185,857,2,5.328156
185,858,2,3.8476496
185,859,2,3.5049145
185,285,4,1.619945
185,894,4,2.8709984
185,766,2,4.0922203
185,15,4,2.3334835
186,1280,3,0.99395233
186,161,4,0.075284705
186,1377,4,1.1057391
186,225,3,0.57391435
186,1378,3,0
186,1379,4,0.0
186,1380,4,0.44863352
186,1188,-1,1.0532675
186,421,4,0.015029982
186,1062,3,3.7402294
186,1074,3,2.749476
186,1075,3,3.8491178
186,1304,3,0.4184286
186,1305,3,1.5233129
186,923,3,3.0409062
186,924,3,3.0684488
186,1309,3,0.9298646
187,1045,3,0.9858303
187,838,3,3.2852905
187,839,3,6.2783737
187,743,4,4.4292636
187,840,3,0.3301315
187,842,3,0.9241282
187,763,-1,8.352702
188,640,-1,7.7501645
188,721,2,2.7308552
188,722,2,7.434471
188,723,2,1.6990396
188,724,4,3.17792
188,725,2,7.5884824
188,726,4,0.27543512
188,728,2,1.5898148
188,729,2,3.8006124
188,75,3,0.9814095
188,909,3,3.3663762
188,911,2,2.7759087
189,865,3,3.7367234
189,866,2,1.928376
189,867,4,2.8461475
189,868,3,2.2818906
189,869,2,4.104376
189,870,3,3.6594992
189,872,3,0.37058514
189,873,3,0.19121155
189,395,2,1.4884229
189,767,-1,8.838983
190,864,3,1.621851
190,390,3,7.494079
190,391,1,4.221103
190,285,2,1.619945
190,894,-1,2.9892843
190,15,1,5.620765
191,864,3,1.5247412
191,390,4,2.574121
191,391,3,3.0056639
191,15,3,4.0356193
191,1008,4,2.1391964
191,914,1,2.8233373
191,658,3,4.493327
191,915,1,0.3359795
191,948,3,3.748745
191,856,3,3.8047001
191,857,2,3.7545676
191,858,2,3.4470422
191,285,2,1.6160452
191,894,-1,4.827701
192,736,1,0.04875721
192,641,-1,8.167625
192,733,1,2.291244
192,734,1,4.0313053
192,735,1,4.5483007
193,1392,3,3.9048302
193,736,4,2.258309
193,641,-1,4.0032096
193,422,3,3.100956
193,648,3,2.543892
193,730,3,4.38948
193,731,4,0.28605333
193,733,4,5.327548
193,734,4,4.1476994
193,735,4,2.8980813
194,642,-1,10.6482
194,739,2,7.328952
194,740,2,6.172143
194,741,4,5.2524853
194,742,2,3.4889371
194,743,2,4.544789
194,744,3,8.080272
195,642,-1,8.929085
195,739,3,8.349673
195,742,3,2.493117
195,743,3,3.763148
196,874,2,0.6442647
196,202,3,0.38462174
196,746,3,3.486901
196,875,2,3.1997826
196,12,4,2.3932738
196,876,2,0.72014683
196,13,3,2.3959858
196,878,3,0.21087256
196,879,3,0.0038255365
196,880,3,0.05869137
196,51,2,2.0816317
196,184,-1,4.9410777
196,185,2,0.13797534
197,768,-1,4.166622
197,881,2,6.235833
197,883,3,2.321028
197,884,3,5.3968925
198,769,-1,2.4701152
198,887,2,3.0701478
198,888,2,1.1072407
198,889,2,4.893636
198,843,3,2.738008
199,1056,2,0.98366266
199,1060,2,0
199,743,2,0
199,744,2,3.5084574
199,1052,1,1.5459213
199,1053,1,1.7047955
199,957,-1,1.0311675
199,1054,2,3.4368582
199,1055,2,3.5531557
200,1137,2,4.4229093
200,1138,2,2.2251093
200,1134,2,7.749925
200,1071,-1,6.350818
201,160,4,1.1935728
201,482,4,2.0010462
201,423,4,2.4094281
201,552,2,2.5228353
201,110,4,0.7084006
201,1391,4,3.9674437
201,1295,3,3.8742445
201,1296,2,5.3833556
201,625,2,10.680499
201,401,3,5.0535674
201,369,4,1.5898981
201,1140,-1,0.48048922
201,1304,4,0.20273796
201,93,3,1.0804517
201,541,3,3.14197
201,318,3,2.9903717
201,1151,3,2.8208218
202,1285,-1,6.189475
202,232,4,3.975506
202,48,4,0.48465887
202,1110,2,0.12264457
202,1303,2,1.997057
202,1304,2,1.7314972
202,1305,4,2.986142
202,1306,3,1.8139652
202,602,4,0.54004323
202,603,4,2.2477694
202,1308,3,0.014993896
202,604,4,0.89105344
202,1309,2,0.92283386
202,605,3,2.8410447
202,1310,4,7.4204297
203,323,4,0.04965406
203,1188,4,0.18973215
203,1285,-1,3.1110196
203,232,4,1.8889992
203,688,4,0.8206216
203,19,3,1.2526816
203,1305,3,0.4038972
203,58,3,3.6953816
203,1306,3,2.276149
203,602,4,0.49839723
203,122,3,3.2305322
203,603,4,0.13610509
203,1307,3,1.6788466
203,604,4,0.3650635
203,1310,3,3.7723727
204,1188,4,0.60858107
204,68,4,0.49489504
204,1285,-1,0.05627059
204,1355,4,0.47521114
204,655,4,0.48438445
204,307,4,0.37067297
204,1305,4,0
204,602,4,0.13856645
204,603,4,0.0
204,572,2,1.5966643
204,540,3,1.1927332
204,604,4,0
204,1213,4,0.5002446
204,1311,2,1.0410038
204,63,3,1.2257637
205,1287,-1,4.165324
205,1321,2,2.8041058
205,1322,2,1.3605318
206,1338,2,6.185446
206,1290,-1,18.194654
206,1340,3,0.5393864
206,1341,2,5.248629
207,1338,2,2.4435606
207,1290,-1,3.8978503
207,1339,2,1.5126259
207,1340,3,0.9797654
207,1341,3,3.2808604
207,879,4,0.8319701
208,1344,3,11.0812025
208,1345,3,7.06032
208,1346,3,5.3133416
208,163,3,12.980091
208,1347,4,4.638961
208,164,4,5.824289
208,1291,-1,21.251078
209,1350,3,0.025143376
209,1351,2,0.4674568
209,487,3,2.7432413
209,1383,3,2.4365063
209,1385,3,0.9869776
209,1356,2,0.07346927
209,1228,4,1.1368848
209,1292,-1,0.14245066
209,45,4,3.3537645
209,1106,4,2.4462183
209,55,4,1.765415
209,187,3,5.5228605
209,316,4,1.2648286
210,1171,2,7.171221
210,1172,3,12.518541
210,1173,3,4.2415857
210,1030,4,1.3412716
210,1174,3,1.8030521
210,1145,-1,7.282354
210,891,3,4.289423
211,769,4,2.808989
211,1172,2,2.6760485
211,1173,3,3.1582878
211,1174,3,2.664591
211,1030,4,0.61596125
211,1031,4,1.4751492
211,1033,4,2.1573753
211,1145,-1,3.0331125
211,891,2,2.5668604
211,763,3,3.3574064
211,1052,4,2.3463829
211,1068,4,5.6350446
212,769,3,3.7340057
212,841,4,1.7387348
212,843,3,2.1817331
212,885,3,5.1055493
212,1173,3,4.2252064
212,886,3,2.8214533
212,887,3,2.3238297
212,888,2,7.678507
212,1176,4,5.8946795
212,889,2,2.999397
212,1177,4,7.669262
212,1178,2,9.331353
212,890,3,3.8357818
212,1146,-1,3.4267766
212,891,3,1.1808681
213,769,3,4.7833595
213,885,2,4.6437125
213,1173,3,4.9966135
213,886,3,0.6955636
213,887,2,4.746947
213,888,1,5.5970693
213,889,2,1.3292348
213,1177,4,1.7269236
213,1178,3,2.7108498
213,890,3,3.814384
213,1146,-1,2.719698
213,843,3,0.89475703
214,833,3,2.5550668
214,1361,3,2.6768713
214,1362,3,8.323252
214,1363,3,0.35421622
214,1294,-1,11.166822
215,35,4,1.6575135
215,37,4,2.311992
215,535,-1,6.953184
216,506,-1,2.3327408
216,156,1,1.0335854
217,37,3,1.1666007
217,1191,-1,1.6023843
217,1258,2,1.2958747
217,1391,4,1.2627313
217,559,3,1.9813105
217,1394,2,2.1336014
217,1395,1,2.9001722
217,1107,3,2.1328948
217,1204,3,2.8429632
217,1300,3,0.91388303
217,630,3,1.4973276
217,666,1,2.5750396
217,667,1,2.5566802
217,668,3,0.8059547
217,1213,3,2.3068044
217,670,3,1.681918
218,101,1,2.7346177
218,1191,-1,0.7516018
218,1258,4,1.2422571
218,559,3,1.9978952
218,1104,3,1.5517845
218,1393,1,2.7063007
218,1107,3,1.4010509
218,1204,3,2.4625244
218,1300,3,0.87243676
218,630,3,1.1931237
218,662,3,2.257742
218,24,1,1.155052
218,666,3,2.241447
218,667,3,1.7665119
218,93,3,1.4141129
218,1213,3,2.0383008
219,1191,-1,1.2092652
219,1258,2,0.77620745
219,1198,3,0.74300796
219,1391,1,0.6492762
219,559,3,0.33750176
219,1394,2,0.77004397
219,1395,2,0.67453635
219,1107,3,0.8328906
219,1204,3,0.51379913
219,1300,3,1.9188173
219,1078,3,1.8130007
219,630,3,0.61316925
219,662,3,0.6610172
219,1080,3,0.70246243
219,1081,3,1.241088
219,666,2,0.98086625
219,667,2,1.1981874
219,1213,3,1.1412985
219,1214,3,0.8902301
220,292,3,4.8260694
220,1382,3,1.8320824
220,1383,2,1.4454926
220,1384,3,2.7394917
220,1385,2,1.4847641
220,1386,4,3.0872416
220,458,4,4.231078
220,459,3,2.6036203
220,111,4,1.8896905
220,241,3,1.7899325
220,977,4,4.149367
220,1365,3,3.1711528
220,150,3,1.3317634
220,1366,3,2.1097314
220,376,3,2.251331
220,1370,4,1.3463701
220,155,3,2.9167747
220,62,3,1.2145506
220,1182,-1,3.065062
220,479,4,2.2216954
221,292,3,2.1950655
221,1382,3,2.3872848
221,1383,2,0.48767665
221,1384,4,1.4869062
221,1385,2,0.63539976
221,458,3,3.2542503
221,1386,4,4.809011
221,459,3,1.020293
221,461,3,1.0094278
221,111,3,0.93182915
221,241,4,1.1212108
221,1365,3,1.2434454
221,1366,3,4.7547197
221,150,3,0.10674761
221,1370,4,1.9599353
221,155,2,1.6222035
221,62,3,3.42818
221,1182,-1,2.5182648
221,479,3,0.37520897
222,400,3,3.098182
222,1392,4,0.57974374
222,419,3,4.7296476
222,1396,-1,2.4749866
222,1397,3,0.96854347
222,1398,4,1.7975707
222,1399,4,4.179006
222,1400,3,3.3331203
222,1387,3,1.8348775
222,412,4,1.5927441
223,400,3,5.637206
223,1392,3,2.3993835
223,1396,-1,3.1802704
223,1398,3,4.662514
223,1387,3,5.0292416
224,656,3,4.1143403
224,1313,3,5.150636
224,1316,4,4.578168
224,1317,3,1.3734078
224,1157,3,3.2159314
224,1318,3,2.8137112
224,1286,-1,6.0608654
224,1319,3,2.258128
224,1274,3,2.2795033
225,448,3,0.8477542
225,1280,3,1.6685016
225,449,3,0.25380418
225,1304,2,0.03710205
225,1305,2,0.49789158
225,923,3,1.1765362
225,924,3,0.98516744
225,1309,3,0.1030941
225,161,4,0.32798374
225,1377,4,0.019750921
225,225,3,3.9844875
225,1378,3,0.83499014
225,1379,2,0.0
225,1380,4,6.8215976
225,1124,3,3.0036583
225,1188,-1,8.054495
225,293,3,0.5847992
225,421,4,0.7678548
225,1381,3,1.1920013
225,1062,3,1.2804494
225,40,3,1.1449448
225,433,3,0.88271093
225,1074,3,0.7923461
225,1075,3,0.8002741
225,1213,3,0.3727142
